name,description,time,rating
Course 1,Description of course 1,32.72,1.22
Course 2,Description of course 2,4.42,4.88
Course 3,Description of course 3,2.69,4.22
Course 4,Description of course 4,18.43,4.26
Course 5,Description of course 5,39.69,4.92
Course 6,Description of course 6,40.88,3.45
Course 7,Description of course 7,14.25,2.19
Course 8,Description of course 8,32.68,1.83
Course 9,Description of course 9,43.24,2.5
Course 10,Description of course 10,43.78,1.51
Course 11,Description of course 11,43.1,2.22
Course 12,Description of course 12,24.98,3.33
Course 13,Description of course 13,25.36,1.88
Course 14,Description of course 14,4.63,4.76
Course 15,Description of course 15,34.95,1.79
Course 16,Description of course 16,8.22,4.37
Course 17,Description of course 17,8.68,2.14
Course 18,Description of course 18,7.76,1.05
Course 19,Description of course 19,18.89,3.71
Course 20,Description of course 20,1.26,2.47
Course 21,Description of course 21,15.64,3.9
Course 22,Description of course 22,2.01,4.34
Course 23,Description of course 23,43.2,1.34
Course 24,Description of course 24,49.32,4.23
Course 25,Description of course 25,24.13,4.72
Course 26,Description of course 26,4.34,1.23
Course 27,Description of course 27,10.14,3.38
Course 28,Description of course 28,36.35,2.09
Course 29,Description of course 29,22.75,2.59
Course 30,Description of course 30,41.47,1.66
Course 31,Description of course 31,47.1,3.66
Course 32,Description of course 32,5.44,4.59
Course 33,Description of course 33,10.26,4.95
Course 34,Description of course 34,7.24,3.86
Course 35,Description of course 35,5.75,1.85
Course 36,Description of course 36,41.91,4.28
Course 37,Description of course 37,35.24,2.28
Course 38,Description of course 38,44.82,1.59
Course 39,Description of course 39,17.49,3.6
Course 40,Description of course 40,9.09,3.24
Course 41,Description of course 41,30.35,1.77
Course 42,Description of course 42,11.7,1.25
Course 43,Description of course 43,21.48,3.19
Course 44,Description of course 44,4.19,1.97
Course 45,Description of course 45,37.86,4.36
Course 46,Description of course 46,4.19,3.89
Course 47,Description of course 47,29.74,1.91
Course 48,Description of course 48,32.22,4.38
Course 49,Description of course 49,18.72,4.3
Course 50,Description of course 50,45.82,3.23
Course 51,Description of course 51,7.54,4.14
Course 52,Description of course 52,32.8,1.75
Course 53,Description of course 53,41.19,4.26
Course 54,Description of course 54,30.14,4.89
Course 55,Description of course 55,37.37,3.03
Course 56,Description of course 56,28.44,2.08
Course 57,Description of course 57,18.29,2.47
Course 58,Description of course 58,47.89,1.44
Course 59,Description of course 59,36.1,4.18
Course 60,Description of course 60,17.09,2.42
Course 61,Description of course 61,37.01,4.87
Course 62,Description of course 62,30.73,3.4
Course 63,Description of course 63,37.62,4.75
Course 64,Description of course 64,33.42,3.52
Course 65,Description of course 65,18.87,4.02
Course 66,Description of course 66,5.42,3.75
Course 67,Description of course 67,20.14,1.07
Course 68,Description of course 68,46.2,3.05
Course 69,Description of course 69,7.23,1.31
Course 70,Description of course 70,18.77,4.04
Course 71,Description of course 71,35.12,3.91
Course 72,Description of course 72,21.14,4.58
Course 73,Description of course 73,1.3,1.41
Course 74,Description of course 74,47.06,4.02
Course 75,Description of course 75,21.4,2.37
Course 76,Description of course 76,10.53,2.76
Course 77,Description of course 77,47.92,2.63
Course 78,Description of course 78,11.54,3.98
Course 79,Description of course 79,2.77,1.07
Course 80,Description of course 80,20.04,1.72
Course 81,Description of course 81,15.31,2.52
Course 82,Description of course 82,12.27,3.91
Course 83,Description of course 83,33.27,4.25
Course 84,Description of course 84,37.71,2.0
Course 85,Description of course 85,25.98,4.84
Course 86,Description of course 86,10.78,2.64
Course 87,Description of course 87,25.9,4.4
Course 88,Description of course 88,3.71,3.58
Course 89,Description of course 89,14.85,4.65
Course 90,Description of course 90,18.08,2.68
Course 91,Description of course 91,33.8,4.28
Course 92,Description of course 92,30.03,1.37
Course 93,Description of course 93,45.38,3.99
Course 94,Description of course 94,30.74,2.49
Course 95,Description of course 95,9.93,3.21
Course 96,Description of course 96,5.37,3.17
Course 97,Description of course 97,38.93,1.25
Course 98,Description of course 98,8.17,4.37
Course 99,Description of course 99,42.48,2.46
Course 100,Description of course 100,35.14,1.18
Course 101,Description of course 101,14.65,4.92
Course 102,Description of course 102,36.52,4.88
Course 103,Description of course 103,44.04,4.3
Course 104,Description of course 104,11.33,4.5
Course 105,Description of course 105,4.12,1.31
Course 106,Description of course 106,37.42,3.7
Course 107,Description of course 107,25.05,4.45
Course 108,Description of course 108,10.97,3.07
Course 109,Description of course 109,16.13,1.02
Course 110,Description of course 110,38.24,3.52
Course 111,Description of course 111,40.65,1.93
Course 112,Description of course 112,33.53,3.96
Course 113,Description of course 113,31.48,2.76
Course 114,Description of course 114,8.89,3.88
Course 115,Description of course 115,16.74,1.86
Course 116,Description of course 116,29.96,3.49
Course 117,Description of course 117,14.28,2.04
Course 118,Description of course 118,18.77,1.91
Course 119,Description of course 119,2.23,4.15
Course 120,Description of course 120,15.24,1.25
Course 121,Description of course 121,45.95,1.43
Course 122,Description of course 122,49.52,2.34
Course 123,Description of course 123,40.67,3.31
Course 124,Description of course 124,44.8,4.04
Course 125,Description of course 125,13.74,1.72
Course 126,Description of course 126,30.34,2.05
Course 127,Description of course 127,23.96,3.68
Course 128,Description of course 128,12.84,1.28
Course 129,Description of course 129,21.98,2.54
Course 130,Description of course 130,48.06,4.27
Course 131,Description of course 131,7.49,3.53
Course 132,Description of course 132,23.28,4.53
Course 133,Description of course 133,44.9,3.86
Course 134,Description of course 134,44.18,4.98
Course 135,Description of course 135,38.09,3.95
Course 136,Description of course 136,2.43,4.56
Course 137,Description of course 137,38.77,4.39
Course 138,Description of course 138,22.96,3.47
Course 139,Description of course 139,44.11,2.24
Course 140,Description of course 140,7.25,1.35
Course 141,Description of course 141,18.19,2.6
Course 142,Description of course 142,45.58,1.49
Course 143,Description of course 143,44.58,2.25
Course 144,Description of course 144,15.26,4.9
Course 145,Description of course 145,24.66,3.35
Course 146,Description of course 146,18.7,2.89
Course 147,Description of course 147,46.11,4.84
Course 148,Description of course 148,28.33,3.54
Course 149,Description of course 149,7.2,4.44
Course 150,Description of course 150,42.58,4.45
Course 151,Description of course 151,29.28,2.37
Course 152,Description of course 152,10.65,4.05
Course 153,Description of course 153,21.09,4.19
Course 154,Description of course 154,39.0,2.13
Course 155,Description of course 155,2.08,1.12
Course 156,Description of course 156,17.29,4.39
Course 157,Description of course 157,12.01,1.35
Course 158,Description of course 158,24.75,3.0
Course 159,Description of course 159,22.33,3.38
Course 160,Description of course 160,41.27,1.53
Course 161,Description of course 161,24.89,2.61
Course 162,Description of course 162,1.84,1.3
Course 163,Description of course 163,33.95,1.73
Course 164,Description of course 164,4.85,3.03
Course 165,Description of course 165,42.89,2.55
Course 166,Description of course 166,5.75,2.08
Course 167,Description of course 167,2.2,3.85
Course 168,Description of course 168,7.09,2.1
Course 169,Description of course 169,41.41,1.71
Course 170,Description of course 170,16.18,4.77
Course 171,Description of course 171,40.43,2.47
Course 172,Description of course 172,47.21,4.17
Course 173,Description of course 173,15.44,4.65
Course 174,Description of course 174,29.28,4.12
Course 175,Description of course 175,31.66,2.67
Course 176,Description of course 176,23.91,1.63
Course 177,Description of course 177,38.22,2.84
Course 178,Description of course 178,24.49,2.36
Course 179,Description of course 179,33.2,4.43
Course 180,Description of course 180,49.32,2.15
Course 181,Description of course 181,45.5,1.44
Course 182,Description of course 182,13.66,4.82
Course 183,Description of course 183,31.38,2.96
Course 184,Description of course 184,3.28,2.63
Course 185,Description of course 185,19.26,4.11
Course 186,Description of course 186,24.4,2.71
Course 187,Description of course 187,42.84,2.31
Course 188,Description of course 188,4.49,3.96
Course 189,Description of course 189,17.83,2.26
Course 190,Description of course 190,9.08,4.6
Course 191,Description of course 191,16.93,4.68
Course 192,Description of course 192,4.84,2.13
Course 193,Description of course 193,41.64,3.23
Course 194,Description of course 194,3.54,1.37
Course 195,Description of course 195,16.54,3.04
Course 196,Description of course 196,8.68,3.65
Course 197,Description of course 197,21.43,4.18
Course 198,Description of course 198,23.46,3.69
Course 199,Description of course 199,34.29,4.12
Course 200,Description of course 200,10.45,1.42
Course 201,Description of course 201,23.32,1.16
Course 202,Description of course 202,21.74,2.17
Course 203,Description of course 203,36.43,2.38
Course 204,Description of course 204,7.24,2.53
Course 205,Description of course 205,19.88,2.78
Course 206,Description of course 206,4.82,2.63
Course 207,Description of course 207,26.63,3.43
Course 208,Description of course 208,40.6,1.16
Course 209,Description of course 209,32.09,3.55
Course 210,Description of course 210,4.86,4.21
Course 211,Description of course 211,35.26,1.14
Course 212,Description of course 212,15.4,3.98
Course 213,Description of course 213,13.16,3.63
Course 214,Description of course 214,12.06,2.13
Course 215,Description of course 215,44.26,4.32
Course 216,Description of course 216,37.95,4.71
Course 217,Description of course 217,10.72,1.39
Course 218,Description of course 218,25.15,2.38
Course 219,Description of course 219,36.78,1.05
Course 220,Description of course 220,25.81,4.53
Course 221,Description of course 221,33.28,2.83
Course 222,Description of course 222,28.38,3.62
Course 223,Description of course 223,14.54,1.1
Course 224,Description of course 224,1.59,1.43
Course 225,Description of course 225,6.98,3.81
Course 226,Description of course 226,49.56,1.17
Course 227,Description of course 227,24.61,3.78
Course 228,Description of course 228,8.73,1.14
Course 229,Description of course 229,45.23,3.57
Course 230,Description of course 230,37.25,4.71
Course 231,Description of course 231,22.16,1.7
Course 232,Description of course 232,40.9,1.67
Course 233,Description of course 233,35.32,1.54
Course 234,Description of course 234,41.79,1.01
Course 235,Description of course 235,20.65,1.54
Course 236,Description of course 236,32.13,3.48
Course 237,Description of course 237,15.2,4.05
Course 238,Description of course 238,45.44,3.04
Course 239,Description of course 239,25.17,3.38
Course 240,Description of course 240,32.2,1.46
Course 241,Description of course 241,34.56,1.8
Course 242,Description of course 242,48.07,2.55
Course 243,Description of course 243,12.98,2.83
Course 244,Description of course 244,14.83,2.46
Course 245,Description of course 245,28.51,3.43
Course 246,Description of course 246,41.44,4.4
Course 247,Description of course 247,28.22,4.92
Course 248,Description of course 248,21.2,1.17
Course 249,Description of course 249,42.48,1.69
Course 250,Description of course 250,45.15,3.76
Course 251,Description of course 251,14.63,1.16
Course 252,Description of course 252,24.12,2.43
Course 253,Description of course 253,34.33,2.16
Course 254,Description of course 254,34.8,2.74
Course 255,Description of course 255,34.78,2.69
Course 256,Description of course 256,5.35,2.7
Course 257,Description of course 257,4.27,3.29
Course 258,Description of course 258,28.63,4.01
Course 259,Description of course 259,47.42,1.83
Course 260,Description of course 260,43.7,2.8
Course 261,Description of course 261,27.3,1.82
Course 262,Description of course 262,5.85,5.0
Course 263,Description of course 263,22.76,4.94
Course 264,Description of course 264,45.93,4.28
Course 265,Description of course 265,21.52,1.48
Course 266,Description of course 266,45.37,3.76
Course 267,Description of course 267,34.13,4.93
Course 268,Description of course 268,35.13,3.73
Course 269,Description of course 269,22.55,2.84
Course 270,Description of course 270,4.5,1.93
Course 271,Description of course 271,19.71,4.98
Course 272,Description of course 272,18.35,4.23
Course 273,Description of course 273,35.0,3.2
Course 274,Description of course 274,21.15,4.24
Course 275,Description of course 275,15.67,2.09
Course 276,Description of course 276,22.21,2.38
Course 277,Description of course 277,27.05,2.66
Course 278,Description of course 278,41.66,3.22
Course 279,Description of course 279,26.35,4.14
Course 280,Description of course 280,33.09,4.92
Course 281,Description of course 281,26.51,4.98
Course 282,Description of course 282,6.26,1.73
Course 283,Description of course 283,13.29,4.35
Course 284,Description of course 284,18.33,3.78
Course 285,Description of course 285,37.55,4.76
Course 286,Description of course 286,42.38,2.58
Course 287,Description of course 287,4.79,3.26
Course 288,Description of course 288,40.45,3.13
Course 289,Description of course 289,45.42,1.11
Course 290,Description of course 290,4.43,1.53
Course 291,Description of course 291,49.22,4.61
Course 292,Description of course 292,34.89,2.79
Course 293,Description of course 293,27.11,2.09
Course 294,Description of course 294,7.3,2.45
Course 295,Description of course 295,13.81,1.73
Course 296,Description of course 296,40.27,3.94
Course 297,Description of course 297,8.82,4.35
Course 298,Description of course 298,15.64,3.23
Course 299,Description of course 299,26.34,4.54
Course 300,Description of course 300,21.06,2.46
Course 301,Description of course 301,6.24,4.34
Course 302,Description of course 302,14.4,1.32
Course 303,Description of course 303,16.06,4.52
Course 304,Description of course 304,22.86,2.47
Course 305,Description of course 305,24.49,2.79
Course 306,Description of course 306,10.26,3.76
Course 307,Description of course 307,5.46,4.09
Course 308,Description of course 308,32.69,4.26
Course 309,Description of course 309,28.96,1.56
Course 310,Description of course 310,21.96,2.08
Course 311,Description of course 311,6.76,4.48
Course 312,Description of course 312,4.01,3.43
Course 313,Description of course 313,1.16,1.98
Course 314,Description of course 314,4.73,3.38
Course 315,Description of course 315,49.49,2.46
Course 316,Description of course 316,44.41,2.1
Course 317,Description of course 317,26.46,1.42
Course 318,Description of course 318,48.88,2.28
Course 319,Description of course 319,17.4,4.17
Course 320,Description of course 320,17.98,3.96
Course 321,Description of course 321,46.19,2.15
Course 322,Description of course 322,18.07,2.04
Course 323,Description of course 323,42.61,1.72
Course 324,Description of course 324,6.59,2.52
Course 325,Description of course 325,14.46,3.31
Course 326,Description of course 326,29.11,2.35
Course 327,Description of course 327,38.85,2.5
Course 328,Description of course 328,36.85,3.66
Course 329,Description of course 329,45.41,4.72
Course 330,Description of course 330,37.19,4.56
Course 331,Description of course 331,16.01,4.43
Course 332,Description of course 332,43.75,1.79
Course 333,Description of course 333,48.8,2.27
Course 334,Description of course 334,27.45,4.66
Course 335,Description of course 335,17.81,1.05
Course 336,Description of course 336,18.12,1.59
Course 337,Description of course 337,2.75,2.61
Course 338,Description of course 338,9.81,4.84
Course 339,Description of course 339,28.59,4.05
Course 340,Description of course 340,16.2,1.26
Course 341,Description of course 341,17.57,1.02
Course 342,Description of course 342,4.74,4.26
Course 343,Description of course 343,26.41,4.52
Course 344,Description of course 344,29.01,3.09
Course 345,Description of course 345,1.63,2.81
Course 346,Description of course 346,45.28,3.09
Course 347,Description of course 347,46.92,4.31
Course 348,Description of course 348,44.22,4.5
Course 349,Description of course 349,36.49,2.37
Course 350,Description of course 350,34.82,3.76
Course 351,Description of course 351,16.97,2.66
Course 352,Description of course 352,48.89,1.37
Course 353,Description of course 353,34.18,4.19
Course 354,Description of course 354,28.49,3.45
Course 355,Description of course 355,2.29,1.15
Course 356,Description of course 356,11.92,3.0
Course 357,Description of course 357,26.37,2.56
Course 358,Description of course 358,13.31,2.4
Course 359,Description of course 359,32.37,3.63
Course 360,Description of course 360,6.08,4.16
Course 361,Description of course 361,16.87,1.56
Course 362,Description of course 362,33.56,4.94
Course 363,Description of course 363,24.09,1.93
Course 364,Description of course 364,33.15,4.94
Course 365,Description of course 365,30.99,1.67
Course 366,Description of course 366,40.96,4.25
Course 367,Description of course 367,44.74,3.59
Course 368,Description of course 368,25.2,4.22
Course 369,Description of course 369,35.05,2.99
Course 370,Description of course 370,20.37,4.79
Course 371,Description of course 371,31.07,4.83
Course 372,Description of course 372,4.02,1.97
Course 373,Description of course 373,1.54,3.81
Course 374,Description of course 374,23.17,2.0
Course 375,Description of course 375,28.0,3.33
Course 376,Description of course 376,1.8,3.59
Course 377,Description of course 377,33.95,3.96
Course 378,Description of course 378,36.37,3.87
Course 379,Description of course 379,19.25,4.07
Course 380,Description of course 380,4.96,2.83
Course 381,Description of course 381,5.28,4.61
Course 382,Description of course 382,48.62,1.01
Course 383,Description of course 383,42.51,1.33
Course 384,Description of course 384,22.44,3.55
Course 385,Description of course 385,18.58,4.49
Course 386,Description of course 386,33.07,4.07
Course 387,Description of course 387,14.42,4.25
Course 388,Description of course 388,31.42,2.84
Course 389,Description of course 389,18.46,4.41
Course 390,Description of course 390,16.76,3.22
Course 391,Description of course 391,34.06,1.81
Course 392,Description of course 392,6.75,3.77
Course 393,Description of course 393,24.29,4.99
Course 394,Description of course 394,37.41,4.72
Course 395,Description of course 395,2.86,1.9
Course 396,Description of course 396,31.57,1.03
Course 397,Description of course 397,27.69,5.0
Course 398,Description of course 398,42.81,3.72
Course 399,Description of course 399,37.18,3.35
Course 400,Description of course 400,9.57,4.82
Course 401,Description of course 401,36.2,2.52
Course 402,Description of course 402,16.05,4.63
Course 403,Description of course 403,1.99,1.92
Course 404,Description of course 404,25.35,4.67
Course 405,Description of course 405,1.21,3.77
Course 406,Description of course 406,28.32,2.27
Course 407,Description of course 407,26.71,2.04
Course 408,Description of course 408,23.7,4.2
Course 409,Description of course 409,18.51,2.47
Course 410,Description of course 410,12.05,4.81
Course 411,Description of course 411,3.07,2.95
Course 412,Description of course 412,38.95,4.83
Course 413,Description of course 413,41.89,2.35
Course 414,Description of course 414,24.65,1.18
Course 415,Description of course 415,1.03,1.7
Course 416,Description of course 416,12.36,4.55
Course 417,Description of course 417,33.94,4.66
Course 418,Description of course 418,11.35,4.79
Course 419,Description of course 419,2.58,4.82
Course 420,Description of course 420,47.11,3.08
Course 421,Description of course 421,18.56,3.87
Course 422,Description of course 422,8.81,4.8
Course 423,Description of course 423,36.25,1.73
Course 424,Description of course 424,1.98,1.03
Course 425,Description of course 425,9.94,2.91
Course 426,Description of course 426,16.29,3.89
Course 427,Description of course 427,7.85,3.55
Course 428,Description of course 428,3.19,3.03
Course 429,Description of course 429,10.6,2.22
Course 430,Description of course 430,35.6,2.06
Course 431,Description of course 431,49.36,4.5
Course 432,Description of course 432,11.84,2.49
Course 433,Description of course 433,11.17,2.31
Course 434,Description of course 434,10.19,3.95
Course 435,Description of course 435,3.42,1.03
Course 436,Description of course 436,34.44,4.42
Course 437,Description of course 437,26.08,1.76
Course 438,Description of course 438,1.1,3.97
Course 439,Description of course 439,11.36,1.98
Course 440,Description of course 440,32.38,4.02
Course 441,Description of course 441,34.38,1.16
Course 442,Description of course 442,6.61,3.12
Course 443,Description of course 443,32.94,4.82
Course 444,Description of course 444,23.97,4.68
Course 445,Description of course 445,39.37,4.6
Course 446,Description of course 446,39.24,2.42
Course 447,Description of course 447,18.73,4.33
Course 448,Description of course 448,42.12,4.13
Course 449,Description of course 449,46.93,4.53
Course 450,Description of course 450,21.94,2.04
Course 451,Description of course 451,43.23,2.78
Course 452,Description of course 452,17.91,4.86
Course 453,Description of course 453,17.98,2.87
Course 454,Description of course 454,37.21,3.67
Course 455,Description of course 455,48.64,4.28
Course 456,Description of course 456,6.39,2.69
Course 457,Description of course 457,20.8,1.61
Course 458,Description of course 458,34.11,2.21
Course 459,Description of course 459,42.31,3.24
Course 460,Description of course 460,2.19,3.77
Course 461,Description of course 461,22.4,4.26
Course 462,Description of course 462,4.31,1.51
Course 463,Description of course 463,11.72,1.22
Course 464,Description of course 464,16.22,2.87
Course 465,Description of course 465,44.74,4.35
Course 466,Description of course 466,32.52,4.57
Course 467,Description of course 467,45.36,2.11
Course 468,Description of course 468,23.17,2.95
Course 469,Description of course 469,27.05,2.52
Course 470,Description of course 470,33.56,2.54
Course 471,Description of course 471,13.56,1.88
Course 472,Description of course 472,44.37,4.09
Course 473,Description of course 473,1.46,2.38
Course 474,Description of course 474,1.3,2.38
Course 475,Description of course 475,35.12,1.79
Course 476,Description of course 476,19.47,1.18
Course 477,Description of course 477,11.2,4.53
Course 478,Description of course 478,42.88,4.21
Course 479,Description of course 479,21.74,1.02
Course 480,Description of course 480,6.16,4.72
Course 481,Description of course 481,17.91,4.24
Course 482,Description of course 482,47.77,4.54
Course 483,Description of course 483,26.6,3.66
Course 484,Description of course 484,16.51,2.95
Course 485,Description of course 485,49.75,1.89
Course 486,Description of course 486,2.73,4.99
Course 487,Description of course 487,3.06,4.45
Course 488,Description of course 488,24.79,1.26
Course 489,Description of course 489,39.23,2.51
Course 490,Description of course 490,44.63,2.14
Course 491,Description of course 491,8.23,1.04
Course 492,Description of course 492,31.49,4.23
Course 493,Description of course 493,15.67,1.92
Course 494,Description of course 494,48.17,1.59
Course 495,Description of course 495,11.27,1.25
Course 496,Description of course 496,6.62,2.66
Course 497,Description of course 497,32.53,2.09
Course 498,Description of course 498,34.61,3.16
Course 499,Description of course 499,37.97,2.33
Course 500,Description of course 500,43.72,3.93
Course 501,Description of course 501,8.72,2.75
Course 502,Description of course 502,48.42,4.34
Course 503,Description of course 503,5.71,3.43
Course 504,Description of course 504,21.16,3.59
Course 505,Description of course 505,2.45,2.71
Course 506,Description of course 506,32.09,1.14
Course 507,Description of course 507,32.19,4.64
Course 508,Description of course 508,20.53,1.67
Course 509,Description of course 509,1.76,2.38
Course 510,Description of course 510,29.29,1.85
Course 511,Description of course 511,40.42,4.09
Course 512,Description of course 512,21.64,2.58
Course 513,Description of course 513,11.93,2.16
Course 514,Description of course 514,35.43,1.9
Course 515,Description of course 515,11.57,4.32
Course 516,Description of course 516,26.21,1.59
Course 517,Description of course 517,46.59,3.67
Course 518,Description of course 518,39.55,3.02
Course 519,Description of course 519,9.58,1.93
Course 520,Description of course 520,20.48,4.06
Course 521,Description of course 521,20.23,3.77
Course 522,Description of course 522,23.37,2.08
Course 523,Description of course 523,29.4,4.4
Course 524,Description of course 524,15.84,4.23
Course 525,Description of course 525,41.32,4.51
Course 526,Description of course 526,39.42,4.58
Course 527,Description of course 527,43.98,1.31
Course 528,Description of course 528,1.86,1.39
Course 529,Description of course 529,41.94,1.92
Course 530,Description of course 530,49.73,2.85
Course 531,Description of course 531,47.77,2.17
Course 532,Description of course 532,47.68,1.4
Course 533,Description of course 533,28.37,1.34
Course 534,Description of course 534,15.81,4.38
Course 535,Description of course 535,20.69,2.17
Course 536,Description of course 536,32.69,4.15
Course 537,Description of course 537,23.78,2.41
Course 538,Description of course 538,32.87,2.59
Course 539,Description of course 539,7.7,1.82
Course 540,Description of course 540,34.67,3.29
Course 541,Description of course 541,20.77,2.7
Course 542,Description of course 542,12.45,1.62
Course 543,Description of course 543,37.77,4.33
Course 544,Description of course 544,40.72,3.71
Course 545,Description of course 545,19.55,4.55
Course 546,Description of course 546,24.79,2.58
Course 547,Description of course 547,45.64,2.79
Course 548,Description of course 548,13.91,3.51
Course 549,Description of course 549,28.01,3.52
Course 550,Description of course 550,25.73,4.39
Course 551,Description of course 551,13.69,4.31
Course 552,Description of course 552,10.68,2.85
Course 553,Description of course 553,32.46,1.14
Course 554,Description of course 554,2.66,3.61
Course 555,Description of course 555,30.74,3.01
Course 556,Description of course 556,11.03,3.98
Course 557,Description of course 557,16.07,1.93
Course 558,Description of course 558,29.98,2.83
Course 559,Description of course 559,17.51,4.17
Course 560,Description of course 560,44.19,4.67
Course 561,Description of course 561,16.01,4.1
Course 562,Description of course 562,38.68,4.96
Course 563,Description of course 563,32.02,1.22
Course 564,Description of course 564,34.79,3.53
Course 565,Description of course 565,10.38,1.78
Course 566,Description of course 566,46.54,4.6
Course 567,Description of course 567,17.5,4.63
Course 568,Description of course 568,7.16,4.22
Course 569,Description of course 569,13.9,3.71
Course 570,Description of course 570,23.51,2.49
Course 571,Description of course 571,20.24,3.73
Course 572,Description of course 572,30.9,4.07
Course 573,Description of course 573,9.91,2.56
Course 574,Description of course 574,27.42,4.42
Course 575,Description of course 575,14.75,3.82
Course 576,Description of course 576,12.27,2.59
Course 577,Description of course 577,41.41,3.5
Course 578,Description of course 578,10.94,1.36
Course 579,Description of course 579,31.08,1.52
Course 580,Description of course 580,41.94,4.01
Course 581,Description of course 581,25.54,2.45
Course 582,Description of course 582,48.87,3.16
Course 583,Description of course 583,1.3,1.9
Course 584,Description of course 584,22.43,2.71
Course 585,Description of course 585,30.34,3.64
Course 586,Description of course 586,35.83,4.29
Course 587,Description of course 587,34.36,1.04
Course 588,Description of course 588,23.65,1.16
Course 589,Description of course 589,23.87,4.33
Course 590,Description of course 590,5.95,2.62
Course 591,Description of course 591,28.58,4.47
Course 592,Description of course 592,1.01,3.39
Course 593,Description of course 593,10.03,2.68
Course 594,Description of course 594,32.17,1.34
Course 595,Description of course 595,13.95,3.61
Course 596,Description of course 596,20.85,2.17
Course 597,Description of course 597,30.6,4.48
Course 598,Description of course 598,14.54,2.97
Course 599,Description of course 599,39.75,3.3
Course 600,Description of course 600,23.74,3.64
Course 601,Description of course 601,33.36,4.47
Course 602,Description of course 602,12.46,3.51
Course 603,Description of course 603,29.38,3.5
Course 604,Description of course 604,24.55,3.87
Course 605,Description of course 605,20.79,1.34
Course 606,Description of course 606,2.53,3.91
Course 607,Description of course 607,4.8,2.86
Course 608,Description of course 608,43.46,2.35
Course 609,Description of course 609,18.73,1.97
Course 610,Description of course 610,14.11,2.7
Course 611,Description of course 611,28.13,1.53
Course 612,Description of course 612,23.78,3.24
Course 613,Description of course 613,26.26,1.24
Course 614,Description of course 614,8.9,3.2
Course 615,Description of course 615,33.92,1.52
Course 616,Description of course 616,26.49,2.75
Course 617,Description of course 617,18.15,1.71
Course 618,Description of course 618,34.72,2.9
Course 619,Description of course 619,29.23,2.27
Course 620,Description of course 620,20.26,3.73
Course 621,Description of course 621,37.1,3.85
Course 622,Description of course 622,14.64,1.06
Course 623,Description of course 623,36.75,2.98
Course 624,Description of course 624,5.96,2.99
Course 625,Description of course 625,39.85,4.83
Course 626,Description of course 626,29.84,1.54
Course 627,Description of course 627,1.51,3.92
Course 628,Description of course 628,7.22,3.23
Course 629,Description of course 629,5.26,1.59
Course 630,Description of course 630,23.92,4.15
Course 631,Description of course 631,32.26,3.12
Course 632,Description of course 632,24.73,3.29
Course 633,Description of course 633,27.05,3.66
Course 634,Description of course 634,1.59,1.23
Course 635,Description of course 635,16.09,3.74
Course 636,Description of course 636,9.59,4.71
Course 637,Description of course 637,46.81,1.7
Course 638,Description of course 638,27.0,1.89
Course 639,Description of course 639,12.38,4.63
Course 640,Description of course 640,14.82,4.92
Course 641,Description of course 641,44.35,2.18
Course 642,Description of course 642,31.45,4.55
Course 643,Description of course 643,35.66,3.53
Course 644,Description of course 644,27.21,4.02
Course 645,Description of course 645,45.1,1.49
Course 646,Description of course 646,37.14,2.34
Course 647,Description of course 647,29.27,2.04
Course 648,Description of course 648,43.38,3.39
Course 649,Description of course 649,38.15,3.3
Course 650,Description of course 650,36.36,2.26
Course 651,Description of course 651,32.52,1.74
Course 652,Description of course 652,6.7,1.82
Course 653,Description of course 653,44.69,4.57
Course 654,Description of course 654,32.96,2.58
Course 655,Description of course 655,19.7,1.88
Course 656,Description of course 656,6.06,1.17
Course 657,Description of course 657,2.69,4.71
Course 658,Description of course 658,14.02,4.67
Course 659,Description of course 659,39.19,3.38
Course 660,Description of course 660,2.1,2.8
Course 661,Description of course 661,29.35,1.72
Course 662,Description of course 662,11.48,3.76
Course 663,Description of course 663,22.43,4.07
Course 664,Description of course 664,5.62,3.02
Course 665,Description of course 665,49.98,3.78
Course 666,Description of course 666,35.1,4.75
Course 667,Description of course 667,42.24,2.0
Course 668,Description of course 668,45.3,2.74
Course 669,Description of course 669,48.23,4.69
Course 670,Description of course 670,20.67,2.05
Course 671,Description of course 671,23.04,1.63
Course 672,Description of course 672,28.93,2.24
Course 673,Description of course 673,26.94,1.04
Course 674,Description of course 674,8.77,3.43
Course 675,Description of course 675,16.78,1.78
Course 676,Description of course 676,15.19,4.32
Course 677,Description of course 677,19.85,4.96
Course 678,Description of course 678,14.02,4.04
Course 679,Description of course 679,12.69,1.86
Course 680,Description of course 680,14.97,4.0
Course 681,Description of course 681,28.24,2.65
Course 682,Description of course 682,3.38,1.71
Course 683,Description of course 683,32.08,2.91
Course 684,Description of course 684,23.54,3.18
Course 685,Description of course 685,33.37,3.18
Course 686,Description of course 686,46.81,2.24
Course 687,Description of course 687,44.82,4.29
Course 688,Description of course 688,39.31,1.22
Course 689,Description of course 689,23.17,2.68
Course 690,Description of course 690,14.01,2.04
Course 691,Description of course 691,37.69,3.19
Course 692,Description of course 692,10.75,1.99
Course 693,Description of course 693,29.13,4.03
Course 694,Description of course 694,11.77,3.38
Course 695,Description of course 695,13.79,1.68
Course 696,Description of course 696,5.9,1.9
Course 697,Description of course 697,2.49,4.12
Course 698,Description of course 698,44.2,4.89
Course 699,Description of course 699,45.96,3.91
Course 700,Description of course 700,14.32,3.39
Course 701,Description of course 701,7.17,4.34
Course 702,Description of course 702,9.72,4.19
Course 703,Description of course 703,16.78,3.34
Course 704,Description of course 704,44.15,4.58
Course 705,Description of course 705,36.19,2.14
Course 706,Description of course 706,11.02,4.63
Course 707,Description of course 707,32.84,1.87
Course 708,Description of course 708,31.84,3.35
Course 709,Description of course 709,36.93,1.87
Course 710,Description of course 710,21.67,1.22
Course 711,Description of course 711,35.75,1.56
Course 712,Description of course 712,10.62,3.08
Course 713,Description of course 713,31.99,4.23
Course 714,Description of course 714,21.93,3.31
Course 715,Description of course 715,48.4,1.77
Course 716,Description of course 716,21.11,4.42
Course 717,Description of course 717,4.9,3.6
Course 718,Description of course 718,43.05,3.26
Course 719,Description of course 719,12.31,4.47
Course 720,Description of course 720,38.9,4.48
Course 721,Description of course 721,32.93,2.31
Course 722,Description of course 722,8.33,2.06
Course 723,Description of course 723,36.88,3.78
Course 724,Description of course 724,9.1,3.34
Course 725,Description of course 725,16.81,3.02
Course 726,Description of course 726,6.42,4.06
Course 727,Description of course 727,33.53,4.65
Course 728,Description of course 728,9.5,1.53
Course 729,Description of course 729,40.24,1.49
Course 730,Description of course 730,8.5,3.13
Course 731,Description of course 731,15.93,2.38
Course 732,Description of course 732,44.11,3.75
Course 733,Description of course 733,44.47,1.1
Course 734,Description of course 734,10.14,2.7
Course 735,Description of course 735,38.14,4.71
Course 736,Description of course 736,24.88,2.7
Course 737,Description of course 737,8.19,2.98
Course 738,Description of course 738,26.11,1.62
Course 739,Description of course 739,30.65,1.75
Course 740,Description of course 740,45.9,2.01
Course 741,Description of course 741,31.27,1.77
Course 742,Description of course 742,7.64,2.53
Course 743,Description of course 743,25.0,3.0
Course 744,Description of course 744,36.39,1.61
Course 745,Description of course 745,25.66,4.33
Course 746,Description of course 746,22.47,2.06
Course 747,Description of course 747,33.89,2.08
Course 748,Description of course 748,12.23,4.26
Course 749,Description of course 749,42.44,4.62
Course 750,Description of course 750,38.55,3.37
Course 751,Description of course 751,43.37,2.96
Course 752,Description of course 752,13.85,3.1
Course 753,Description of course 753,16.55,3.99
Course 754,Description of course 754,46.73,4.65
Course 755,Description of course 755,28.17,4.72
Course 756,Description of course 756,30.37,4.22
Course 757,Description of course 757,19.33,3.0
Course 758,Description of course 758,31.87,4.8
Course 759,Description of course 759,39.49,3.06
Course 760,Description of course 760,26.08,3.65
Course 761,Description of course 761,31.78,3.96
Course 762,Description of course 762,27.72,1.93
Course 763,Description of course 763,42.95,1.16
Course 764,Description of course 764,6.01,3.08
Course 765,Description of course 765,49.57,4.93
Course 766,Description of course 766,13.43,3.78
Course 767,Description of course 767,26.42,1.4
Course 768,Description of course 768,39.48,2.43
Course 769,Description of course 769,13.57,3.23
Course 770,Description of course 770,33.85,1.21
Course 771,Description of course 771,6.64,3.32
Course 772,Description of course 772,44.81,4.48
Course 773,Description of course 773,40.02,4.06
Course 774,Description of course 774,36.34,3.5
Course 775,Description of course 775,32.19,2.54
Course 776,Description of course 776,41.55,1.04
Course 777,Description of course 777,49.41,4.59
Course 778,Description of course 778,36.26,3.35
Course 779,Description of course 779,38.02,4.55
Course 780,Description of course 780,25.35,2.17
Course 781,Description of course 781,8.7,4.27
Course 782,Description of course 782,1.55,2.67
Course 783,Description of course 783,15.6,2.68
Course 784,Description of course 784,14.55,2.98
Course 785,Description of course 785,1.73,4.12
Course 786,Description of course 786,46.3,1.79
Course 787,Description of course 787,16.32,1.09
Course 788,Description of course 788,17.45,3.19
Course 789,Description of course 789,43.42,2.77
Course 790,Description of course 790,39.52,2.89
Course 791,Description of course 791,47.13,3.85
Course 792,Description of course 792,34.16,2.33
Course 793,Description of course 793,22.43,2.78
Course 794,Description of course 794,38.87,2.14
Course 795,Description of course 795,30.82,1.6
Course 796,Description of course 796,43.33,4.19
Course 797,Description of course 797,5.71,1.14
Course 798,Description of course 798,15.0,2.72
Course 799,Description of course 799,5.94,4.21
Course 800,Description of course 800,24.51,2.79
Course 801,Description of course 801,9.42,3.22
Course 802,Description of course 802,6.33,4.3
Course 803,Description of course 803,43.98,2.95
Course 804,Description of course 804,42.84,4.21
Course 805,Description of course 805,5.94,2.59
Course 806,Description of course 806,38.76,1.23
Course 807,Description of course 807,3.34,2.89
Course 808,Description of course 808,32.48,4.46
Course 809,Description of course 809,17.72,1.17
Course 810,Description of course 810,32.57,1.8
Course 811,Description of course 811,28.68,1.15
Course 812,Description of course 812,24.49,3.47
Course 813,Description of course 813,19.27,1.07
Course 814,Description of course 814,49.79,3.19
Course 815,Description of course 815,27.64,1.06
Course 816,Description of course 816,34.14,1.26
Course 817,Description of course 817,42.88,4.37
Course 818,Description of course 818,18.5,1.95
Course 819,Description of course 819,14.45,4.06
Course 820,Description of course 820,3.84,1.81
Course 821,Description of course 821,45.48,3.54
Course 822,Description of course 822,9.52,1.7
Course 823,Description of course 823,28.6,4.28
Course 824,Description of course 824,30.69,2.55
Course 825,Description of course 825,12.24,5.0
Course 826,Description of course 826,10.7,4.6
Course 827,Description of course 827,19.67,1.13
Course 828,Description of course 828,16.2,3.11
Course 829,Description of course 829,29.71,2.19
Course 830,Description of course 830,1.91,4.2
Course 831,Description of course 831,14.9,1.26
Course 832,Description of course 832,29.62,2.1
Course 833,Description of course 833,7.91,1.27
Course 834,Description of course 834,48.1,4.63
Course 835,Description of course 835,46.17,3.55
Course 836,Description of course 836,21.73,1.83
Course 837,Description of course 837,37.68,1.27
Course 838,Description of course 838,5.72,1.13
Course 839,Description of course 839,20.96,2.34
Course 840,Description of course 840,9.45,2.04
Course 841,Description of course 841,30.2,3.72
Course 842,Description of course 842,40.17,4.26
Course 843,Description of course 843,15.77,4.92
Course 844,Description of course 844,18.51,3.55
Course 845,Description of course 845,20.67,3.92
Course 846,Description of course 846,47.63,1.14
Course 847,Description of course 847,5.9,2.07
Course 848,Description of course 848,1.66,1.38
Course 849,Description of course 849,16.24,4.79
Course 850,Description of course 850,22.41,3.01
Course 851,Description of course 851,1.32,2.14
Course 852,Description of course 852,26.73,2.24
Course 853,Description of course 853,35.95,1.36
Course 854,Description of course 854,5.51,3.8
Course 855,Description of course 855,9.92,4.65
Course 856,Description of course 856,7.33,2.42
Course 857,Description of course 857,2.7,4.43
Course 858,Description of course 858,42.25,3.91
Course 859,Description of course 859,8.57,3.77
Course 860,Description of course 860,24.7,2.22
Course 861,Description of course 861,27.59,3.24
Course 862,Description of course 862,20.8,3.46
Course 863,Description of course 863,45.07,2.67
Course 864,Description of course 864,22.97,3.79
Course 865,Description of course 865,30.28,3.29
Course 866,Description of course 866,31.6,3.23
Course 867,Description of course 867,1.57,1.02
Course 868,Description of course 868,39.02,4.34
Course 869,Description of course 869,8.52,4.24
Course 870,Description of course 870,34.84,1.72
Course 871,Description of course 871,37.51,2.57
Course 872,Description of course 872,24.34,1.0
Course 873,Description of course 873,2.87,3.55
Course 874,Description of course 874,27.17,3.16
Course 875,Description of course 875,21.93,4.22
Course 876,Description of course 876,12.2,2.64
Course 877,Description of course 877,40.46,2.41
Course 878,Description of course 878,38.32,3.13
Course 879,Description of course 879,33.76,4.02
Course 880,Description of course 880,18.42,2.87
Course 881,Description of course 881,48.94,1.12
Course 882,Description of course 882,20.24,1.39
Course 883,Description of course 883,39.7,1.97
Course 884,Description of course 884,11.76,2.3
Course 885,Description of course 885,39.89,4.0
Course 886,Description of course 886,22.3,4.5
Course 887,Description of course 887,25.11,1.32
Course 888,Description of course 888,18.54,4.79
Course 889,Description of course 889,49.37,1.03
Course 890,Description of course 890,23.89,1.71
Course 891,Description of course 891,19.48,2.86
Course 892,Description of course 892,6.41,4.69
Course 893,Description of course 893,14.63,4.19
Course 894,Description of course 894,31.49,4.07
Course 895,Description of course 895,35.61,3.13
Course 896,Description of course 896,24.33,1.58
Course 897,Description of course 897,35.1,2.41
Course 898,Description of course 898,22.92,4.43
Course 899,Description of course 899,2.32,3.16
Course 900,Description of course 900,25.8,2.05
Course 901,Description of course 901,8.39,4.56
Course 902,Description of course 902,35.41,1.54
Course 903,Description of course 903,17.34,2.62
Course 904,Description of course 904,7.3,2.34
Course 905,Description of course 905,32.32,3.51
Course 906,Description of course 906,41.72,1.91
Course 907,Description of course 907,6.08,2.66
Course 908,Description of course 908,46.99,3.13
Course 909,Description of course 909,46.15,2.57
Course 910,Description of course 910,15.83,4.68
Course 911,Description of course 911,45.94,3.92
Course 912,Description of course 912,28.28,1.0
Course 913,Description of course 913,10.75,2.39
Course 914,Description of course 914,26.22,4.1
Course 915,Description of course 915,25.48,2.37
Course 916,Description of course 916,15.67,4.1
Course 917,Description of course 917,21.63,4.81
Course 918,Description of course 918,20.3,2.03
Course 919,Description of course 919,16.76,5.0
Course 920,Description of course 920,39.45,4.62
Course 921,Description of course 921,32.4,1.28
Course 922,Description of course 922,24.46,2.37
Course 923,Description of course 923,48.72,1.12
Course 924,Description of course 924,7.75,2.95
Course 925,Description of course 925,41.9,4.28
Course 926,Description of course 926,48.37,1.71
Course 927,Description of course 927,22.81,3.63
Course 928,Description of course 928,13.44,1.71
Course 929,Description of course 929,34.94,2.69
Course 930,Description of course 930,42.39,2.33
Course 931,Description of course 931,17.2,4.91
Course 932,Description of course 932,21.92,1.39
Course 933,Description of course 933,12.68,1.18
Course 934,Description of course 934,48.57,3.56
Course 935,Description of course 935,14.2,1.99
Course 936,Description of course 936,21.94,4.74
Course 937,Description of course 937,17.91,3.51
Course 938,Description of course 938,40.62,1.33
Course 939,Description of course 939,1.76,3.97
Course 940,Description of course 940,16.98,3.45
Course 941,Description of course 941,49.07,3.33
Course 942,Description of course 942,18.95,4.57
Course 943,Description of course 943,2.28,3.6
Course 944,Description of course 944,8.57,1.39
Course 945,Description of course 945,41.58,2.21
Course 946,Description of course 946,47.69,3.33
Course 947,Description of course 947,20.91,1.53
Course 948,Description of course 948,32.93,2.05
Course 949,Description of course 949,19.54,3.78
Course 950,Description of course 950,41.05,1.58
Course 951,Description of course 951,1.49,2.93
Course 952,Description of course 952,39.28,2.84
Course 953,Description of course 953,42.19,3.05
Course 954,Description of course 954,43.58,1.77
Course 955,Description of course 955,37.62,2.58
Course 956,Description of course 956,31.4,1.65
Course 957,Description of course 957,34.06,4.92
Course 958,Description of course 958,38.14,2.66
Course 959,Description of course 959,40.17,1.48
Course 960,Description of course 960,43.8,3.61
Course 961,Description of course 961,49.58,4.02
Course 962,Description of course 962,34.5,3.62
Course 963,Description of course 963,12.23,1.84
Course 964,Description of course 964,42.62,2.19
Course 965,Description of course 965,9.71,3.76
Course 966,Description of course 966,21.35,3.09
Course 967,Description of course 967,44.75,3.23
Course 968,Description of course 968,18.42,3.47
Course 969,Description of course 969,38.14,1.13
Course 970,Description of course 970,11.85,1.69
Course 971,Description of course 971,8.96,1.41
Course 972,Description of course 972,25.51,4.03
Course 973,Description of course 973,27.76,2.03
Course 974,Description of course 974,3.09,3.65
Course 975,Description of course 975,5.67,4.6
Course 976,Description of course 976,42.42,3.44
Course 977,Description of course 977,45.94,2.23
Course 978,Description of course 978,6.78,2.55
Course 979,Description of course 979,47.91,3.44
Course 980,Description of course 980,47.92,2.63
Course 981,Description of course 981,41.04,4.14
Course 982,Description of course 982,44.84,1.95
Course 983,Description of course 983,22.02,4.95
Course 984,Description of course 984,47.55,3.62
Course 985,Description of course 985,37.47,4.22
Course 986,Description of course 986,41.04,4.03
Course 987,Description of course 987,25.71,1.64
Course 988,Description of course 988,3.59,1.69
Course 989,Description of course 989,8.26,2.2
Course 990,Description of course 990,22.32,4.98
Course 991,Description of course 991,28.96,1.89
Course 992,Description of course 992,20.98,4.2
Course 993,Description of course 993,8.57,3.82
Course 994,Description of course 994,17.33,4.36
Course 995,Description of course 995,35.54,1.84
Course 996,Description of course 996,31.17,3.49
Course 997,Description of course 997,49.07,1.13
Course 998,Description of course 998,12.52,1.8
Course 999,Description of course 999,6.11,2.48
Course 1000,Description of course 1000,10.74,4.94