id,name,email
1,Gary Williams,scarlson@smith.com
2,Daniel Smith,vknapp@gmail.com
3,Nicholas Ramos,david25@hotmail.com
4,Stephen Berry,emilymiller@hernandez.com
5,Anna Saunders,gramos@morales-payne.com
6,Suzanne Bowman,gjones@patterson-cunningham.com
7,Jeffrey Mann,butlerseth@tran.info
8,Gary Johnson,hlopez@sanchez-webster.com
9,Jodi Smith,brownmichael@gmail.com
10,Robert Acosta,nicholas67@smith.net
11,Jessica Ramirez,nicolemartin@yahoo.com
12,Sheena Acevedo,cruzkevin@gmail.com
13,Matthew Wheeler,michaeldickerson@hotmail.com
14,Corey Horne,zmurray@gmail.com
15,William Quinn,ericmcconnell@garcia.com
16,Bradley Brewer,levyrenee@gmail.com
17,Mary Byrd,varellano@yahoo.com
18,Cynthia Copeland,uknapp@gmail.com
19,Leah Calhoun,teresa93@hotmail.com
20,James Clark,iponce@yahoo.com
21,Dr. Lisa Townsend,barnettpatrick@anderson-farrell.org
22,Brandon Sanders,amanda30@gmail.com
23,Terri Pitts,scott53@blackwell.info
24,Jared Acevedo,richmondvalerie@gmail.com
25,Jennifer Castro,kristin19@collier.info
26,Ashley Smith,destinyferguson@yahoo.com
27,Amanda Ramirez,jayrichardson@yahoo.com
28,Brian Santiago,cscott@barnes-owens.com
29,Nicholas Graham,monroekatherine@ortiz.com
30,Kevin Morales,christopher63@yahoo.com
31,Jeremy Henderson,palmeralan@solomon.com
32,Michael Lewis,nsmith@porter-wagner.biz
33,Kimberly Marquez,davidharris@gmail.com
34,Heather Watts,erika96@perez.com
35,Hayley Taylor,michellewright@valdez.info
36,Kristine Hernandez,ukeith@campbell-fernandez.com
37,Shelly Hudson,holly02@flores.com
38,Dr. Rhonda Shepard,brendaford@hotmail.com
39,Brian Hall Jr.,francesmartinez@price.com
40,Jeffrey Smith,christineharris@gmail.com
41,Patricia Klein,davisandrew@hotmail.com
42,Jason Padilla,flemingtimothy@yahoo.com
43,Mrs. Crystal Turner,kayla33@hotmail.com
44,Michael Stone,martinandrew@gmail.com
45,Brian Gonzalez,jtucker@hobbs.org
46,Kenneth Castro,howardjames@martinez-smith.info
47,Timothy Taylor,imartinez@gmail.com
48,Elizabeth Smith,gavin80@hotmail.com
49,Eric Hunter,jeffery87@gmail.com
50,Walter Jackson,valdezjake@yahoo.com
51,Alex Olson,johnhill@hotmail.com
52,Christina Mora,stevendavis@yahoo.com
53,Cassandra Taylor,jacquelinedorsey@alvarado.com
54,Luis Hensley,belltammy@hotmail.com
55,Samantha Mann,qoliver@cole.com
56,Chelsea Greer,chadharper@jimenez-santana.com
57,Nathan Sherman,carolreid@smith.org
58,Lynn Hernandez,shieldsmichael@gmail.com
59,Frank Hurley,williamlong@yahoo.com
60,John Lopez DDS,sara96@yahoo.com
61,Monica Beck,brian39@valenzuela.com
62,Mr. Michael Fitzgerald,savery@hotmail.com
63,Julie Smith,daniellehernandez@sampson.com
64,Rebecca Reese,rmiller@white.org
65,Pamela Armstrong,ronaldlee@peterson.com
66,Zachary Barrera,jessica54@yahoo.com
67,Alexis Suarez,christopherwright@hotmail.com
68,Cheryl Davis,chase66@hotmail.com
69,Amanda Sullivan,robinsonolivia@skinner-ruiz.com
70,Carlos Mason,kwhite@roberts.info
71,Elizabeth Hernandez,patriciadavis@ward-huynh.com
72,Ronald Joseph,mejiamichael@yahoo.com
73,Jason Meyer,youngbryan@hotmail.com
74,Zachary Morgan,richard83@fisher.org
75,David Roberts,adamwhite@coffey.biz
76,Jennifer Wilson,andrew99@hernandez.org
77,Luis Smith,solisheather@gmail.com
78,William Collins,ffrazier@yahoo.com
79,Paul Kelly,pwilliams@hotmail.com
80,Julie Eaton,brian80@yahoo.com
81,Steven Best,chadphelps@yahoo.com
82,Kenneth Gutierrez,joshua19@yahoo.com
83,Tiffany Martin,megan69@yahoo.com
84,Thomas Gomez,elizabeth92@valenzuela.com
85,Melissa Allen,josephmunoz@moore-long.org
86,Mason Harris,garciajames@yahoo.com
87,Erica Peterson,vbishop@hotmail.com
88,John Edwards,ismith@yahoo.com
89,Jeanette Porter,kyang@hotmail.com
90,Lauren Price,carlos53@yahoo.com
91,Ana Burns,whitemichael@gmail.com
92,Dr. Melissa Roth,allisoncole@powell.com
93,Anne Martin,johnstoncourtney@payne.net
94,Jeremy Edwards,jamiechavez@yahoo.com
95,Frederick Hines,jgeorge@yahoo.com
96,Karen Booth,tlane@watkins-king.org
97,Chris Navarro,gina33@mahoney-weeks.com
98,Courtney Fox,beardjoseph@roberts-holland.com
99,Belinda Hood,wgray@gmail.com
100,Nina Browning,josephsmith@hotmail.com
101,Sarah Cummings,kevin18@sandoval.org
102,Jennifer Singh,brownbrian@harrison-barnes.com
103,Steven Smith,jmaldonado@hotmail.com
104,Adam West,garnold@hall-love.biz
105,Tami Cooper,nwong@hubbard-thornton.com
106,Clifford Hernandez,michellemcpherson@yahoo.com
107,Paul Johnson,tammysnyder@hotmail.com
108,Kevin Johnson,catherinegray@gmail.com
109,Anthony Tucker,michael47@gmail.com
110,Sara Beck,fpowers@hotmail.com
111,James Smith,ibutler@martin.biz
112,Dalton Long,rachel55@gmail.com
113,Vanessa Butler,megan86@yahoo.com
114,Rebecca Gray,xharper@hotmail.com
115,Angelica Pace,john09@hotmail.com
116,Jason Rodriguez,kellyray@gmail.com
117,Hannah Hunter,campbellsamantha@gmail.com
118,Dana Gonzales,qrojas@yahoo.com
119,Jessica Fry,csalinas@mcclain-mitchell.com
120,Joshua Ramirez,virginiaellis@yahoo.com
121,Eric Lee,ricesierra@sandoval.info
122,Jacqueline Washington,makayla82@gmail.com
123,Michael Potts,ryankelly@yahoo.com
124,Tammy Baird,micheal63@blake-mcpherson.com
125,Rachael Curry,kortega@gmail.com
126,Sean Powell,walkerkristine@white.biz
127,Mercedes Morrison,maykim@gmail.com
128,Jennifer Ramirez,colemanmichael@le.com
129,Brianna Grant,anthony78@jones-james.biz
130,Amanda Cruz,zsimmons@hotmail.com
131,Kristina Cole,leslie18@galvan.com
132,Jessica Delgado,marissarivera@yahoo.com
133,Richard Espinoza,obonilla@russell-brown.com
134,Scott Stevens,teresastuart@booth-lynch.net
135,Jodi Hodges,jacobmoore@phillips.com
136,Christine Mitchell,richard15@yahoo.com
137,Sara Harvey,regina07@reynolds-melton.biz
138,Sandra Gordon,robertcontreras@johnson-pham.com
139,Kaitlin Peck,peaton@webb.com
140,Tammy Cook MD,hcrawford@yahoo.com
141,Elizabeth Bush,josephperez@yahoo.com
142,William Wright,amber15@hotmail.com
143,Jacqueline Hernandez,pirwin@gmail.com
144,Marvin Thompson DVM,raymondperry@gmail.com
145,Theresa Madden,elizabethpatel@gmail.com
146,Mary Perez,gwendolynprice@jones.com
147,Deanna King,fbryan@yahoo.com
148,Ashley Rodriguez,uhuang@middleton.org
149,Jessica Ross,kellyreed@cuevas-collins.org
150,Paul Hill,allison05@gmail.com
151,Patricia Bradley,sarahenry@ortega-suarez.com
152,Rebecca Williams,zalvarado@odonnell.com
153,Julie Barker,tamara64@gmail.com
154,Deborah Welch,klynch@yahoo.com
155,William Dominguez,jonesjill@yahoo.com
156,Samuel Cole,brownkeith@dyer-robinson.net
157,Lucas Hess Jr.,colemanscott@gmail.com
158,Gail Cunningham,caleb80@gmail.com
159,Mr. Paul Jackson,vcamacho@yahoo.com
160,Marco Bradford,alexandramoran@stephens.org
161,Lori Chen,rogercook@hotmail.com
162,Linda Gray,matthew81@parks.com
163,Thomas Mccoy,jcarroll@gmail.com
164,Alexandra Bailey,ashleygomez@gmail.com
165,Brad Li,kfarrell@lewis.net
166,Jesse Martin,katherineking@thomas.com
167,Randy Brown,robin53@alvarez-rodriguez.com
168,Lisa Roach DVM,michael06@spears-lamb.com
169,Zachary Hodge,edwardssophia@wang.com
170,Tina Elliott,qcastro@burton.com
171,Gary Kline,rebecca27@smith.net
172,Emily Johnson,davistravis@stewart.org
173,Charles Costa,dominiqueprice@yahoo.com
174,Brianna Stevens,gregoryshepard@gmail.com
175,Jennifer Oconnor,baileyrobert@hotmail.com
176,Austin Dunlap,andersonkathryn@yahoo.com
177,Justin Anderson,mark96@adkins-gonzalez.biz
178,Donald Kim,plopez@hotmail.com
179,Cynthia Parsons,patriciarodriguez@hotmail.com
180,Donna Shields,adamsanne@norman.info
181,Kathryn Lane,zacharyford@hotmail.com
182,Melanie Rodriguez,brianweaver@gmail.com
183,Kimberly Braun,lsanchez@hale.com
184,Jessica Gonzalez,josephluna@gmail.com
185,Jesus Jacobson,carmen93@hotmail.com
186,Dr. Scott Petersen Jr.,rhopkins@white.com
187,Manuel Bradford,wreed@bowers.com
188,Scott Cook,williamskurt@gmail.com
189,Mr. Dylan Reeves,erikvincent@berry.info
190,Brent Gomez,robertmartinez@camacho.org
191,Ryan Baird,davidharris@yahoo.com
192,Susan Morrison,jessicarodriguez@gmail.com
193,Richard Best,qjacobs@keller.com
194,Kristen Booth,parkkristopher@patterson.net
195,Lindsay Smith,sarah91@crawford.info
196,Steven Bean,james69@gmail.com
197,David Nguyen,ofoley@rios.net
198,Karen Gamble,vparrish@brown-swanson.com
199,Deborah Chan,kimberlysmith@mcdonald-burnett.com
200,Brittany Wells,patriciagraham@scott-greer.biz
201,Sharon Hernandez,butlerjeremy@wells-smith.org
202,Lisa Johnson,estradabrenda@yahoo.com
203,Denise Sutton,ariley@cole.org
204,Isaac Simmons MD,phillipsmichael@yahoo.com
205,Nichole Cox,ofitzgerald@yahoo.com
206,Christopher West,elijahmurphy@duffy.org
207,Jon Murphy,tylerhall@campbell.net
208,Katherine Jenkins,brendaduncan@cummings.com
209,Peter Johnson,emilypatel@clark.com
210,Terry Scott,cturner@montoya.com
211,Krystal Black,hwright@evans.net
212,Ronald Navarro Jr.,jamie32@carr-perez.com
213,Daniel Maldonado,wardryan@melton-flores.net
214,Michael Rodriguez,david46@davis.com
215,Steve Waters,davisthomas@lynch.org
216,Jon Hernandez,rlopez@hotmail.com
217,Jeremy Nicholson,donald18@hotmail.com
218,Justin Walters,anne27@yahoo.com
219,Tyler Carr,aperkins@gmail.com
220,Amanda Garcia,brittany77@hotmail.com
221,Cheryl Smith,llopez@nicholson.com
222,Julie Dyer,nguyenmadison@osborn.org
223,Elizabeth Ward,zmiller@yahoo.com
224,Destiny Liu,ghaney@mcdonald.info
225,George Ingram,pottskristen@hall.biz
226,Jane Harris,ashley36@walker.com
227,Brendan Rojas,smithjason@gmail.com
228,Autumn Goodman,kennethbaker@yahoo.com
229,Kevin Valentine,michealsmith@hotmail.com
230,Jennifer Brewer,khill@gates.com
231,Michael Cooley,jason31@holder-reed.com
232,Lisa Ross,wardchristopher@walker-jacobs.com
233,Mary Thomas,beverly93@smith-wilson.com
234,Andrew Davidson,michael67@barrett.com
235,Jason Fernandez,vdelgado@bell.net
236,Bryan Anderson,asalazar@clark.com
237,Hannah Reyes,lkim@carroll.info
238,Mike Huang,normanbarbara@gmail.com
239,Joshua Anderson,karenhernandez@torres.com
240,Raymond Singh,tbarnett@wilson.org
241,Sue Mullen,patriciamartinez@howard.net
242,Brian Brown,hporter@yahoo.com
243,Deborah Manning,timothy87@powell.com
244,Susan Howard,scowan@woodward.org
245,Melissa Brown,melissa77@baldwin.com
246,Daniel Moreno,ronnie05@gmail.com
247,Derek Oliver,campbelljenna@watson.com
248,Jacob Jordan,morganricardo@yahoo.com
249,Mr. Edward White,awolfe@hotmail.com
250,Jennifer Porter,david58@yahoo.com
251,Mrs. Lindsay Montgomery,emcintyre@vance.com
252,James Johnson,solomonwilliam@yahoo.com
253,Michael Cook,collinsjennifer@hotmail.com
254,Ellen Rowe DDS,morgansmith@hotmail.com
255,Kevin Rose,breannamartinez@gmail.com
256,Cristian Smith,timothydixon@walker.biz
257,Madeline Mcconnell,amanda54@yahoo.com
258,Jennifer Lucero,cheryl85@hotmail.com
259,Mrs. Nicole Morgan,smithalex@cox.org
260,Melissa Rivera,baxterrichard@parker.com
261,Steven Taylor,garnerstephanie@murillo.info
262,Eileen Douglas,lawrencemorrison@yahoo.com
263,Stephanie Clark,darrenrivera@yahoo.com
264,Lindsey Vaughan,acostatrevor@hotmail.com
265,Amy Watson,eric06@gmail.com
266,Craig Kelly,laracorey@wong-fisher.org
267,Alexis Mills,kwilson@hotmail.com
268,Jean Hicks,micheleshaw@johnson.com
269,Katherine Cummings,morganmelissa@gmail.com
270,Eileen Gilmore,andersonlinda@hotmail.com
271,Kenneth Leonard,bauerchad@english-dawson.com
272,Christopher Garcia,debra43@hudson-young.biz
273,Todd Kramer,ljenkins@hotmail.com
274,Joshua Keller,nmurray@yahoo.com
275,Lawrence Ballard,amandajones@lowe-hoffman.com
276,Crystal Mendez,grobinson@gmail.com
277,Margaret Rogers,brian10@lewis-carpenter.com
278,Claudia Hunter,kelly08@gmail.com
279,Gerald Franklin,rmyers@gmail.com
280,Joshua Aguirre,ktanner@thomas-glover.info
281,Hannah Bernard,theresastrickland@bryant-gomez.com
282,Wendy Fox,graybrandi@yahoo.com
283,Amanda Blair,shannon82@yahoo.com
284,Caleb Crawford,davidmatthew@yahoo.com
285,Julia Allen,matthewmorse@wallace.com
286,Christopher Adkins,elizabeth16@yahoo.com
287,Rachael Love,davidsims@yahoo.com
288,Ryan Reed,juanross@gmail.com
289,Samantha Bean,schultznatasha@gmail.com
290,Jennifer Erickson,jimmyle@hotmail.com
291,Brooke Ashley,jason05@davis-brown.com
292,Richard Carroll,curryjodi@davis.com
293,Jennifer Moreno,stephanie77@jenkins-hall.com
294,Nicholas Edwards,corey08@gmail.com
295,Peter Whitehead,victoriaayala@adams.com
296,Douglas Mitchell,xhardin@gmail.com
297,Michael Chandler,lgomez@wilson.com
298,Timothy Barber,codysutton@collier.com
299,Philip Cunningham,christian04@gonzalez.org
300,Joshua Santos,robertkaiser@fisher.org
301,Belinda Herrera,alyssa17@lopez.net
302,John Bender,gutierrezrobert@yahoo.com
303,Richard Brown,tommy19@jones-wright.com
304,Linda Young,amandashort@yahoo.com
305,Dennis Owens,christine96@bowman.com
306,Brianna Rocha,englishjason@gmail.com
307,Jamie Jones,daviscourtney@nelson-terrell.info
308,Debra Lucas,parkseric@nguyen-torres.com
309,Carlos Wall,jasminebrock@gmail.com
310,Troy Dominguez,hannahrodriguez@hanson-jones.com
311,Eric Cruz,gutierrezlucas@hotmail.com
312,Tonya Liu,sextonwilliam@gmail.com
313,Denise Smith,gjohnson@guerra.com
314,Todd Woodard,amytorres@gmail.com
315,Daniel Osborne,imccoy@yahoo.com
316,Travis Dean,umiller@vazquez.com
317,Andre Moody,chadgordon@yahoo.com
318,Travis Heath,smithanne@ramos-love.com
319,Janice Villanueva,hughesbenjamin@byrd.com
320,Mark Booker,molly47@hotmail.com
321,Kaylee Davis DDS,tammy81@gmail.com
322,Margaret Johnson,uwilson@peterson-lewis.biz
323,Matthew Frederick,ldunn@yahoo.com
324,Jennifer Clark,josephbeltran@campos.info
325,Kristopher Ross,ricardowilliams@hernandez.com
326,Darlene Payne,natalie50@gmail.com
327,Thomas Smith Jr.,williamgriffin@hotmail.com
328,Brooke Hill,robinsonbrandy@curtis.info
329,Stephanie Carr,jesse62@gmail.com
330,Michelle Gross,jwilson@gmail.com
331,Peter Floyd,zlowe@montgomery-palmer.biz
332,Julie Malone,brandonroberts@hotmail.com
333,Katherine Fernandez,ssalinas@edwards-turner.com
334,Rhonda Rose,ohernandez@hotmail.com
335,Allison Burgess,joneshunter@hotmail.com
336,Mr. Connor Nolan,thompsongina@douglas-williams.biz
337,Michael French,wshields@pruitt.com
338,Cindy Gonzalez,lopezdaniel@gmail.com
339,James Castro,estradadonna@jacobs.com
340,Aaron Ward,clucas@yahoo.com
341,Diane Peterson,coxnathaniel@boyd.biz
342,Carrie Oliver,john20@gmail.com
343,David Davis,allenbobby@yahoo.com
344,Victoria Williams,rachelharris@leach-smith.info
345,Paula Harris,lmartinez@aguilar.com
346,Sharon Holloway,elizabethmartinez@neal.com
347,Alexandra Marquez,victoria24@yahoo.com
348,Nicholas Deleon,caitlin57@yahoo.com
349,Diana Meyer,fward@hotmail.com
350,Eric Petty,millernatalie@schroeder.biz
351,Christopher Vega,wjenkins@gmail.com
352,Hunter Curtis,coryprice@gmail.com
353,Jeremy Johnson,garciajasmine@hotmail.com
354,Heather Garcia,tammykirk@rogers.biz
355,Christina Bradley,mirandavictoria@gmail.com
356,Elizabeth Williams,brownamber@pruitt.com
357,Holly Willis,nicole54@hotmail.com
358,Tyler Frederick,nicolegarrison@trujillo.info
359,John Cox,scottmurphy@evans.biz
360,Dalton Brewer,michael22@gmail.com
361,Derek White,yreyes@hotmail.com
362,Emily Leon,houstonchristina@adams-huff.com
363,Gerald Herrera,shannonleonard@gmail.com
364,Ryan Stewart,amanda12@hotmail.com
365,Daniel Flores MD,bernardjohn@yahoo.com
366,Keith Torres,fpowell@spencer.com
367,Emily Carlson,aday@hotmail.com
368,Nichole Stanton,fward@gmail.com
369,Ashley Grimes,glee@hansen-benton.org
370,Ryan Sanchez,shannonpowers@hudson.com
371,Jordan Richards,heather01@francis.com
372,Penny Cook,wallkimberly@sexton.biz
373,Kelly Montes,kingcolin@hogan.net
374,Elizabeth Lee,vguzman@turner.biz
375,Jorge Neal,preston41@herrera-short.com
376,Laura Woods,garysmith@smith.com
377,Rachel Grimes,ashley07@yahoo.com
378,David Monroe,jrose@wilson.com
379,Michael Willis,wrightphillip@gaines.com
380,Micheal Woodard,swilliams@scott.com
381,Zachary Edwards,jodisalinas@sanchez.com
382,Christopher Lee,kurtberry@miller-dickerson.com
383,Henry Brewer,perrysherry@hotmail.com
384,Erin Newton,alexanderreynolds@hotmail.com
385,Jacob Gray,sandra34@davis.net
386,Brad Ruiz,shaunwalker@yahoo.com
387,Luis George,amiller@gmail.com
388,Robin Smith,paul49@hotmail.com
389,Frank Mitchell,logantyler@collins.com
390,Roberto Morales,joelmitchell@hotmail.com
391,Vernon Burton,don17@lynch-franklin.info
392,Diana Campbell,atkinsonamy@hotmail.com
393,Shelia Rogers,wrightbrittany@day.info
394,Grant Simmons,pwoods@hotmail.com
395,Lee Pierce,jay78@hotmail.com
396,Theodore Hayes,isabel46@gmail.com
397,Carrie Cantu,margaretjohnson@gmail.com
398,Gabriel Oliver,floresmax@nguyen-curry.org
399,Logan Fuller,amy95@hotmail.com
400,Nicholas Ford,xswanson@hernandez.biz
401,Christopher Davis,matthew73@gmail.com
402,Gary West,unash@yahoo.com
403,Catherine Hill,patricia20@young.biz
404,Omar Jones,qjackson@hotmail.com
405,Lindsey Mckay,johnbrock@schwartz-schroeder.com
406,Susan Larsen,ujones@hodge.com
407,Patricia Coleman,destiny00@hotmail.com
408,Kristin Palmer,bassconnie@yahoo.com
409,Christopher Jackson,annsullivan@gmail.com
410,John Miller,mark61@yahoo.com
411,Danielle Carter,lori63@barrett-reed.com
412,Brian Parker,ylee@gmail.com
413,Anna Robinson,cholder@mckay.com
414,Walter Anderson,mark25@cummings-mercer.com
415,Cameron Harris,mdavis@yahoo.com
416,Mary Fleming,sloanjulie@gmail.com
417,Aaron Bradford MD,barbara90@gmail.com
418,Michael Bridges,samuel89@bailey.net
419,Ryan Jackson,jillgreen@waters.com
420,Katie Crawford,laurengibson@yahoo.com
421,Cheryl Lee,kenneth96@hernandez.com
422,Ruth Watson,orrjulia@rodriguez.biz
423,Mark Hawkins,who@grant-anderson.com
424,Jennifer Espinoza,xjones@caldwell-martinez.biz
425,Wendy Davis,taylorann@gmail.com
426,Michael Martin,zacharyboone@gmail.com
427,Jacqueline Stephens,betty40@gmail.com
428,Brian Miller DDS,christopher90@brown-martinez.info
429,Kimberly Velasquez,laceygrant@yahoo.com
430,Kyle Smith,edward19@yahoo.com
431,Shelley Mitchell,larsonlaura@hotmail.com
432,Maria Long,rodrigueztabitha@hayes.com
433,Michelle Cox,wrighttiffany@gmail.com
434,Sandra Nelson,rhodeskevin@jackson.org
435,Wendy Simpson,qstevenson@fletcher-murray.com
436,Ryan Moreno,kdavila@dickerson.org
437,Casey Hall,ckennedy@hotmail.com
438,Jose Hebert,hornjustin@gmail.com
439,Jamie Leon,thomas77@hotmail.com
440,Joseph Clark,holly68@buchanan-davis.biz
441,Jennifer Weber,rwilliams@gmail.com
442,Kenneth Wilson,debrasmith@davis.net
443,William Salazar,heatherbrady@yahoo.com
444,Amanda Ho,donna31@gmail.com
445,Pamela Stokes,jonathanwilliams@jacobs.com
446,Tyler Sanchez,richard00@yahoo.com
447,Juan Brady,michael41@gmail.com
448,Nathan Carter,brian23@hotmail.com
449,Leslie Cox,james39@phelps.biz
450,Lauren Rios,cooperwilliam@petty.info
451,Donald Neal,dixonbethany@hotmail.com
452,Phyllis Munoz MD,morrisjoann@boyle-howell.com
453,Jacqueline Castillo,susan58@williams.org
454,Erika Cunningham,ccook@chavez.info
455,Amy Hall,vhuber@gmail.com
456,Alyssa Klein,matthew88@campbell-barnett.info
457,Cory Fox,reneecox@williams.com
458,Todd Marsh,qgarcia@moore.com
459,Cynthia Taylor,jennifer40@jones.com
460,Briana Ruiz,meredithparsons@quinn.com
461,Richard Gomez,russell43@cox-robertson.biz
462,Michael Callahan,shelly07@turner-ayers.com
463,Diana Stephens,crichardson@gmail.com
464,Barbara Lee DVM,gibbsbrianna@hendricks.com
465,Shirley Steele,heather52@gmail.com
466,Joseph Lee,jessica78@anthony.com
467,Monica Alvarado,donovanmelanie@yahoo.com
468,Rachel Brown,kenneth92@gmail.com
469,Anna King,omcclain@brown.net
470,Derek Mccoy,crystalhenry@yahoo.com
471,Lauren Huang,karen17@ramirez.com
472,Alyssa Fleming,belljessica@hayes.com
473,Scott Pena,melissa55@kirby.info
474,Mary Berry,reidlisa@lawrence.com
475,Sarah Cooper,wattsdennis@yahoo.com
476,Gavin Harris,jacob63@reid-crawford.com
477,Adriana Mckay,dianahicks@gmail.com
478,Eric Bates,uyates@gmail.com
479,Keith Adams,douglas82@jones-thompson.com
480,Marie Stone,ucunningham@gmail.com
481,Donald Leonard,tateconnie@hodges-lee.com
482,Troy Walker,lyoung@delgado-hall.biz
483,Thomas Green,jennifer46@vang.com
484,Candice Cortez,earlbaker@yahoo.com
485,Terri Foster,gina24@curtis.com
486,Elizabeth Stephens,jhill@branch-silva.com
487,Gregory Weeks,hutchinsongregory@little.org
488,Wanda Gonzalez,sean86@gmail.com
489,Taylor Sullivan,vhart@gardner-mckinney.com
490,Elijah Hancock,adam52@yahoo.com
491,Daniel Jackson,watersdavid@yahoo.com
492,Gregory Scott,davidbrown@fisher-arnold.biz
493,Emma Stout,kwilliams@farmer-jones.com
494,Nathan Hanson,bethwalsh@hotmail.com
495,Robyn Smith,heathermack@gmail.com
496,Christopher Guerrero,jon34@gmail.com
497,Mike Stewart,stephanie67@gmail.com
498,Sarah Morris,nscott@hotmail.com
499,James Williams PhD,jeffrey60@yahoo.com
500,Antonio Daniels,christophercook@braun-bond.com
501,Erika Wright,rachelgraves@turner.biz
502,Sophia Hubbard,cory44@frazier.com
503,Mark Peck,uhernandez@conley.com
504,Scott Beck,christopheraguilar@jones.info
505,Steven Edwards,johnsonjeffrey@yahoo.com
506,Lauren Rios,sanchezjessica@hotmail.com
507,Jessica Stevenson,catherine27@hotmail.com
508,Tina Martin,deborahross@yahoo.com
509,Melissa Booth,richardsonshawn@wang.com
510,James Sharp,henry86@newton.com
511,Melissa Brandt,wallaceamber@hotmail.com
512,Jennifer Howell,jeffery27@yahoo.com
513,Cheryl Jones,chad18@leon.com
514,Jordan Baker,beardjessica@estrada-walker.org
515,Grant Black,efernandez@cline.net
516,Tamara Jacobson,karen70@gmail.com
517,Donna Reynolds,randy43@elliott.com
518,Antonio Hayes,santiagoadam@gmail.com
519,Robert Marshall,fischerronald@rivera.com
520,Erin Miles,jrussell@hotmail.com
521,Kendra Wagner,morenocody@yahoo.com
522,Sheila Anderson,wilsonjennifer@hotmail.com
523,Courtney Rhodes,wgarcia@bell.com
524,Deborah Parker,fbradley@hotmail.com
525,Katherine Vargas,jose99@hotmail.com
526,Ronald Moore,sergiocarpenter@yahoo.com
527,Kenneth Butler,combseric@rios-richards.com
528,James Holland,heatherthompson@boyer.org
529,Stephanie Miller,rachael98@liu.org
530,Thomas Hill,ana47@yahoo.com
531,Michael Oliver,colemanjulia@gmail.com
532,William Franco,amykennedy@yahoo.com
533,Kristin Jensen,williamhunt@peters.org
534,Luke Scott,aleonard@romero.com
535,David Mckinney,martinwilliam@huffman-west.com
536,Timothy Ryan,johnsonlisa@gmail.com
537,Kristen Gillespie,kevin28@burnett.com
538,Kathryn Nunez,jerickson@yahoo.com
539,Ryan Dixon,todd25@vasquez.org
540,Russell Bush,theresa60@zavala.com
541,Erica Jones,caleb62@hardy.biz
542,Debra Jones MD,lbeck@stewart-crawford.com
543,Caleb Collins,wbridges@hotmail.com
544,Jacob Olsen,shelbymurphy@braun.com
545,Sarah Kennedy,randygilmore@gmail.com
546,William Lewis,qvelazquez@murphy.com
547,Mary Diaz,wvelez@hotmail.com
548,Mark Dean,qyoung@rose.com
549,Christy Wang,fmartin@hotmail.com
550,Brooke Baldwin,alejandratorres@stanley.info
551,Erin Russell,sherry74@hamilton.com
552,Ann Peterson,christinarandolph@phillips.com
553,Kevin Wilkins,taylormichelle@hotmail.com
554,Brandon Phillips,michaelmoreno@williams.com
555,Heather Collins,elliottjerry@gmail.com
556,Audrey Dixon,landerson@hotmail.com
557,Jonathan Thompson,christianrobert@brown-peterson.com
558,Justin Brown,mcdonaldchristopher@gmail.com
559,Sarah Williams,rachel99@ross.org
560,Steven Meza,brianharrison@gmail.com
561,James Fisher,gabrielclarke@taylor.com
562,Gregory Butler,mark89@white.biz
563,Stephen Smith,smithnicole@sutton-smith.com
564,Dr. Jeremy Luna,hayley87@lewis.com
565,Tina Hall,mahoneymarcus@yahoo.com
566,Christopher Wilson,hannachristopher@edwards.info
567,Teresa Clark,cmiller@martin.org
568,Connie Howard,xrios@yahoo.com
569,Dawn Neal MD,brandihess@gmail.com
570,Ashley Smith,singletonjoanna@hotmail.com
571,Elizabeth Mullins,xstephens@ford.com
572,Mary Sharp,gibsonjason@gmail.com
573,Jeffrey Le,tvasquez@yahoo.com
574,Philip Love,felicia68@hotmail.com
575,Jeffrey Wong,james96@gmail.com
576,Melissa Baker,juliegarza@gmail.com
577,Danielle Delgado,amyaguilar@yu-johnson.com
578,Billy Smith,brussell@hotmail.com
579,Sarah Jackson,steven53@gmail.com
580,Elizabeth Lee,rosekline@foster.com
581,Anthony Sanchez,tammygardner@gmail.com
582,Nathan Camacho,colemanshelly@hotmail.com
583,Derrick Preston,aryan@gmail.com
584,Steven Harris,kevinhale@smith.org
585,Stephen Holmes,ptorres@yahoo.com
586,Brittany Mitchell,dgrimes@jones.org
587,Tina Berry,michaelramirez@gmail.com
588,Nicole Russell,ychandler@gmail.com
589,Jacob Hooper,colondouglas@costa.com
590,Anthony Kane,megandeleon@hotmail.com
591,Christina Lane,millersusan@hotmail.com
592,Daniel Wolf,muellerbrittany@mclean.org
593,Robin Hooper,mitchellamanda@gmail.com
594,Anthony Brown,thompsonbrenda@gmail.com
595,Dana Bowen,juan12@reese.info
596,Toni Gaines,thill@hotmail.com
597,Ricardo Bennett,plawrence@gmail.com
598,Jesse Sanchez,ncooper@yahoo.com
599,Caroline Dixon,powersandrea@west.com
600,Aaron Richards,paynegarrett@hotmail.com
601,Patrick Lewis,aprilpadilla@richardson-ballard.com
602,Ryan Hicks,thomaseddie@hotmail.com
603,Pedro Vasquez,crosbymallory@yahoo.com
604,Katie Bernard,judystevens@parker.net
605,Jennifer Adams,littleralph@hotmail.com
606,Larry Cole,alexander81@hotmail.com
607,Jenna Wright,timothydavis@hotmail.com
608,Leah Sullivan,alex19@moore.org
609,Brent Acosta,wsloan@gmail.com
610,Angela Cox,lindamichael@gmail.com
611,Casey Hunter,dunnbonnie@hotmail.com
612,Robin Parsons,woodamy@yahoo.com
613,Michael Walters,davisjohn@hotmail.com
614,David Suarez,pamelasmith@gmail.com
615,Miguel Bryant,jesuslam@hotmail.com
616,Faith Everett,katie30@perez.info
617,Kaitlyn Frazier,xmartin@yahoo.com
618,Emily Simpson,tonyajames@brown.info
619,Dennis Garrett,ricardofuller@yahoo.com
620,Derek Tate,annejenkins@ballard-watkins.net
621,Charles Salas,reevesadam@gmail.com
622,Tina Thompson,howellsarah@hotmail.com
623,David Mcdonald,meadowsmichael@randolph.net
624,David Black DVM,bsmith@yahoo.com
625,Kelly Shepherd,austin38@hotmail.com
626,Monica Smith,dianalawrence@cooper-baker.net
627,Christopher Oconnell,oyoung@yahoo.com
628,Eric Washington,stevensdebra@hotmail.com
629,Ronald Smith,melissa08@hotmail.com
630,Ian Smith,mitchelllindsay@christensen-sanchez.com
631,Scott Evans,angela92@harrington.com
632,Tiffany Wright,leslie91@schmidt.org
633,Kyle Sullivan,anthonyjohnson@hotmail.com
634,Nathaniel Lynn,francismatthew@gmail.com
635,Jesse Poole,jessicasmith@salas-hayden.biz
636,Joseph Martin,randy92@brewer.com
637,Denise Brewer,nmiles@hotmail.com
638,Jamie Ramos,raymondscott@arnold-french.com
639,Robert Reilly,marywilliams@hotmail.com
640,Derek Bradley,tgibbs@collins.com
641,Maria Clark,laurenrichardson@caldwell.org
642,William Johnson,vschwartz@hotmail.com
643,Angel Green,zachary58@smith.biz
644,Joseph Miller,carol90@davis-collins.info
645,Alec Young,kevinrobinson@hotmail.com
646,Roy Vaughn,andrew12@yahoo.com
647,Deanna Guzman,adamsaustin@graham-harris.info
648,Brian Norman,dleonard@yahoo.com
649,William Adams,isaac81@gmail.com
650,Kevin Moore,kim79@schmidt.com
651,Janet Bryant,timothy25@gmail.com
652,Diana Marshall,brandy35@gonzalez-phillips.com
653,Jonathan Diaz,kmoore@bray-reid.com
654,Sherry Willis,jacobcross@martin.com
655,Caroline Olsen,davidwhite@yahoo.com
656,Cheryl Campbell,michael75@delgado-norman.com
657,Valerie Reed,trancindy@gmail.com
658,Thomas Carter,gary12@hotmail.com
659,Jay Jackson,adkinsjason@yahoo.com
660,Jesse Black,kenneth19@velasquez-brown.net
661,William Hernandez,simmonsdanielle@gmail.com
662,Heidi Scott,tylerjoshua@white.com
663,Brian Thompson,camposmary@hotmail.com
664,Carmen Ward,brianacurtis@bush.net
665,Stephanie Sutton,mary52@hotmail.com
666,Bridget Herrera,mejiamaria@yahoo.com
667,Michael Kemp,tiffany65@yahoo.com
668,Geoffrey Sims,heatherjacobson@collins-washington.net
669,Michelle Ramsey,dfranco@yahoo.com
670,Tracey Flynn,lori20@hotmail.com
671,Benjamin Lindsey,heathjames@gmail.com
672,Clarence Richardson,jamesfletcher@yahoo.com
673,Erin Wallace,deborah13@rivera.org
674,Evelyn Gay,clarklindsay@hotmail.com
675,Todd Bush,nicolegeorge@cruz-baker.com
676,Jaime Webster,michellewillis@melendez-torres.com
677,Jim Martinez,wileynicole@harrison.biz
678,Dr. Rachael Sandoval,gregory86@gmail.com
679,Jesse Rodriguez,jerryscott@hotmail.com
680,Jennifer Banks,bwelch@yahoo.com
681,Jacqueline Gonzalez,rosekyle@hotmail.com
682,Amanda Duncan,aliciakrueger@ramirez-long.info
683,Heather Walls,angela79@pope.com
684,Bryan Harris,tjohnson@morris.info
685,Joshua Parker,shannonkelley@yahoo.com
686,Ronald Bautista,treed@yahoo.com
687,Kendra Briggs,qgreen@huff.org
688,Roger Cook,daniel08@gmail.com
689,Angela Mitchell,ronald61@yahoo.com
690,James Sanders,prattsarah@mcclure.com
691,Bradley Velasquez,kristopherwhite@yahoo.com
692,Melanie Vance,jamesharris@snyder.info
693,Lucas Evans,clementsbenjamin@hotmail.com
694,Tonya Sutton,matthew46@boone-yu.com
695,Gavin Dixon,nallen@yahoo.com
696,Paul Ingram,westjason@yahoo.com
697,Rebecca Davis,mooreanthony@hotmail.com
698,Thomas Singh,ckim@trevino-murphy.com
699,Anthony Phillips,ghernandez@day.com
700,Mrs. Linda Choi,parkerdustin@rowe-solomon.com
701,Lisa Jackson,ybennett@gmail.com
702,Joseph Wright,joneskyle@garza.com
703,Melissa Camacho,joneslisa@hotmail.com
704,Stephanie Torres,caitlinhaynes@wilson.com
705,Linda Sanchez,andrew23@gmail.com
706,Corey Weber,laura11@potts.com
707,Carrie Hale,russellreid@greene-savage.org
708,Jason Roman,reevestony@yahoo.com
709,Glen Benson,torresanthony@gmail.com
710,Jeremy Jordan,ellisonpatricia@yahoo.com
711,Mary Bates MD,stonedavid@norris.com
712,Caroline Townsend,ibarnett@smith-calhoun.com
713,Lorraine Martin,suzanne11@davis.com
714,William Collins,cevans@gmail.com
715,Brandon Tanner,thomas24@yahoo.com
716,Hector Gordon,jnovak@gmail.com
717,Mike Gibson,christophersavage@yahoo.com
718,Bonnie Taylor,saramoody@hotmail.com
719,Thomas Knight,alicegraham@kennedy.net
720,Dawn Ingram,christophersmith@hotmail.com
721,Don Cruz,vdalton@ramos.com
722,Daniel Robinson,hortiz@gmail.com
723,Charles Schmidt,hillbrandon@gmail.com
724,Marcus Vasquez,arnoldshawn@yahoo.com
725,Robert Torres,rosscristina@yahoo.com
726,Jocelyn Dixon,simpsoncarlos@yahoo.com
727,Levi Hall,freyjason@gmail.com
728,Aaron Parker,fletchercindy@brown-gutierrez.com
729,Steven Hayden,christopherarellano@gmail.com
730,Joel Smith,christopherwilliams@hotmail.com
731,Andrew Schneider,shawnwall@richardson.com
732,Bryce Wagner,taylorjill@gmail.com
733,Bradley Jackson,jessicasmith@yahoo.com
734,Amanda English,joshua39@gmail.com
735,Alex Carter,williamrogers@yahoo.com
736,Bobby Bailey,martinezmelanie@yahoo.com
737,Gregory Cruz,brianna84@rice-carroll.info
738,Heidi Smith,benjamingibson@vance.com
739,Ethan King,diana87@thomas.com
740,Danielle Williams,vpearson@stevens.com
741,Anthony Cohen III,jeremy76@hotmail.com
742,Charles Cole,amandalester@hotmail.com
743,Gregory Armstrong,gallen@yahoo.com
744,Darren Walker,mariahmiller@gentry.org
745,Brian Cooper,rowens@yahoo.com
746,Robert Golden,joanna81@page-foster.com
747,Molly Carter,anncoleman@moore.com
748,Renee Lee,christina10@yahoo.com
749,Kristi Whitehead,tjones@baker.com
750,Kimberly French,bdavid@murray-griffin.net
751,Angela Hancock,valdezkristen@gmail.com
752,Gregory Edwards,barberandrew@gmail.com
753,Robert Reynolds,dana54@bell.com
754,Laura Rivers,kenneth42@yahoo.com
755,Brian Mathews,nduarte@yahoo.com
756,Nicholas Durham,sloanmatthew@yahoo.com
757,Mr. Christopher Mccormick,fhunter@yahoo.com
758,Nicholas Campbell,aguirrealexis@smith.com
759,Shannon Whitehead,lorigutierrez@gmail.com
760,Kathleen Kemp,willie24@watkins.com
761,Jason Jackson,mark20@mcguire-livingston.info
762,Martha Meyers,uoconnor@hotmail.com
763,Scott Marsh,jennifer54@yahoo.com
764,Martin Reyes,kellysarah@rivers.biz
765,Natalie Nelson,brendagutierrez@anderson.net
766,Robert Thomas,jhall@yahoo.com
767,Jacqueline Smith,jeffery16@gmail.com
768,Kristina Ballard,enelson@hotmail.com
769,Michael Fitzpatrick,emedina@yahoo.com
770,Deborah Larsen,james41@yahoo.com
771,Carmen Bryan,phillip84@gmail.com
772,Shannon Brooks,adam28@hotmail.com
773,Megan White PhD,zachary09@hotmail.com
774,Juan Butler,zperez@yahoo.com
775,Kara Carter,morgancunningham@gmail.com
776,Stacy Washington,lindasalazar@hotmail.com
777,Steven Nunez,adam66@floyd.com
778,Christina Davidson,murraycharlotte@osborne.com
779,Mark Murphy,rneal@jones-martin.info
780,Margaret Orr,obullock@fletcher.org
781,Lauren Avila,lindseyjohn@johnson.net
782,Wayne Morris,marywalter@hotmail.com
783,Maria Hernandez,ymaldonado@gmail.com
784,Craig Kennedy,catherinejohnson@hotmail.com
785,Caleb French,sarah85@perry.com
786,Amber Campbell,benjaminbecker@moore-garcia.com
787,Valerie Hunt,vgallagher@yahoo.com
788,Kenneth Garrett,garybennett@lee.com
789,David Barrera,ericweber@matthews-conley.com
790,Jacob Carr,josephparks@yahoo.com
791,Dr. Veronica Schwartz,ninaballard@wright.com
792,Dalton Lewis PhD,jennifer71@hotmail.com
793,Leslie Phillips,hayesamy@mendoza.org
794,Hector Silva,michaelwebb@maxwell.info
795,Sheila Fitzgerald,rebecca06@hotmail.com
796,Anthony Torres,washingtonjoshua@hotmail.com
797,Sandra Harrington,shepherdjohn@hotmail.com
798,Karl Knapp,ibecker@hotmail.com
799,Katelyn Walters,watsonmorgan@hotmail.com
800,Andre Shah,zgarcia@moore.net
801,Christine Ballard,timothystein@larsen-roberts.com
802,Kimberly Vasquez,nicholasdaniel@gmail.com
803,Kayla Smith,kellyboyd@wood.biz
804,Emily Johnson,amyjackson@dominguez.org
805,Nancy Ramos,npatrick@brown-duffy.com
806,Kristine Massey,qchang@brock.com
807,Troy Mccullough,pmason@martin-lawson.com
808,Mrs. Alexandra Mills,atkinsryan@jenkins-mora.net
809,Mr. Christopher Gonzalez,kingnathan@hotmail.com
810,Dr. John Wilkerson,reneecunningham@west-phillips.info
811,Christine Choi,brittany85@williams.com
812,Rachel Smith,lisa33@yahoo.com
813,Robin Moore,jerrydunn@price-stevens.com
814,Bailey Lopez,icannon@stevens.net
815,William Williams,nnelson@dunn.info
816,Laura Smith,grahamdavid@hotmail.com
817,Maurice Russell,stephensonbrianna@watkins-tran.net
818,Sarah Hull,callahanrandy@meyer.com
819,Amy Huff,vbrown@hotmail.com
820,Alicia Miller,sroberts@alexander.com
821,Toni Foster,micheal09@rivera.com
822,Sarah Owens,coconnor@duarte-parker.org
823,Brittney Brown,judy16@phelps-hernandez.com
824,Christy Miller,jonesluis@mullins.com
825,Calvin Horne,baldwinnina@mccall.com
826,Brittany Golden,christopher49@hotmail.com
827,Joseph Williams,mooreangelica@ellison.com
828,Jessica Buck,angelcline@yahoo.com
829,Christina Bauer,toni41@gmail.com
830,James Jensen,smithpaul@hicks.org
831,Matthew Stanley,iwright@smith-castillo.com
832,Jose Tucker,jenny67@hotmail.com
833,Jenna Marshall,donaldjenkins@yahoo.com
834,Claire Chung,sarahgeorge@mason.com
835,Joseph Rodriguez,crystaldrake@hotmail.com
836,Jonathan Wilcox,travismartinez@combs.net
837,Ryan Martin,jeffrey65@gmail.com
838,Megan Lee,jamesrobinson@johns-thompson.com
839,Patrick Holland,wendyrussell@ruiz.com
840,Thomas Hernandez,hansonwesley@yahoo.com
841,Joseph Morgan,hansensarah@yahoo.com
842,Mark Anderson Jr.,qwatts@powers-pugh.com
843,Charles Allen,hillcheryl@hotmail.com
844,Kendra Mendez,allen59@gmail.com
845,Adam Johnson,rhernandez@gmail.com
846,Albert Woods,lori32@gmail.com
847,Brandon Payne,robert20@yahoo.com
848,Mr. Jacob Woods,megan71@love.biz
849,Alexandra Owens,wgardner@sanchez-rodriguez.org
850,Christina Freeman,nhill@orr.biz
851,Robert Myers,ynash@gmail.com
852,Alejandro Sparks,ahill@hotmail.com
853,Joel Rodgers,arroyoerin@craig.com
854,Kevin Gregory Jr.,robert88@gmail.com
855,Steven Welch,tammy72@hotmail.com
856,Carl Lloyd,marshallstephanie@smith.org
857,Lori Stone,iboyd@gmail.com
858,Kathleen Thompson,evanskimberly@taylor-barrett.com
859,Jasmine Hansen,sreed@gmail.com
860,Megan James,rhodesfranklin@glover-giles.biz
861,Kristin Jones,qbrown@gmail.com
862,Beverly Keller,vickiknight@gmail.com
863,Joan Brown,robertallen@hansen-castillo.org
864,Kyle Fernandez,matthew29@hotmail.com
865,Miguel Morgan,tiffanymartinez@hotmail.com
866,Kathryn Martin,nmorgan@weber-kim.com
867,David Clark,mario34@yahoo.com
868,Valerie Kemp,erin59@day.com
869,Matthew Landry,cookbobby@hotmail.com
870,Thomas Dunn,linkelly@hall.biz
871,Joseph Lopez,henryjennifer@yahoo.com
872,Stephen Williams Jr.,wrightchristopher@serrano.biz
873,Mariah Hardy,fischerrebecca@gmail.com
874,Kathleen Brown,barrettdavid@gmail.com
875,Renee Freeman,mmorgan@hotmail.com
876,James Aguilar,amandasolomon@hotmail.com
877,Calvin Shaw,zachary17@hotmail.com
878,Leslie Adams,jacobphillips@yahoo.com
879,Alyssa Mcmahon,bartonjennifer@gmail.com
880,Travis Mccarthy,brownheather@perez.com
881,Cynthia Gomez,amy19@gay-hunter.org
882,David Blair,matthewedwards@shelton.com
883,Elizabeth Walton,lori52@bird.org
884,Angie Turner,pereznancy@diaz.biz
885,Daniel Morris,pcooper@hotmail.com
886,Brianna Wright,jacksonsherry@yahoo.com
887,Cynthia Kelly,peterhansen@gmail.com
888,Brittany Foster,deborah18@yahoo.com
889,Jennifer Steele,jennifer63@mccann-wallace.com
890,Michael Larson,mackleslie@yahoo.com
891,Ricky Benton,angela73@browning.com
892,Pamela Skinner,carlos12@yahoo.com
893,Julie Bender,michaelroberts@sutton.net
894,John Russo,samantha21@patrick.com
895,Joshua Swanson,adrianross@adams-bailey.com
896,Robert Adams,mccartyelizabeth@martin-pratt.net
897,Emily Allison,danielwebb@peterson.net
898,Emily Stanton,csmith@andrews-guerra.com
899,Taylor Snow,anna66@gmail.com
900,Tara Francis,hernandezrenee@montgomery.com
901,Stephanie Dominguez,sherrychambers@vaughn-taylor.com
902,Travis Gonzalez,nford@hart.com
903,Michael Lee,ipratt@hotmail.com
904,Tracy Beasley,ohill@gmail.com
905,Phillip Anderson,jluna@snyder.info
906,Kaitlyn Harris,jbond@hubbard.biz
907,John Warren,amanda34@carroll-serrano.com
908,Diana Williamson,timothyrodriguez@scott-torres.org
909,Brandon Jefferson,faithbanks@patterson.org
910,Christina Cruz,nathanwilliams@gmail.com
911,Teresa Morgan,jackieparker@hotmail.com
912,Bradley Wright,chadcasey@hotmail.com
913,Parker Lee,norrisdavid@english.com
914,James Gentry,wrodriguez@tran.org
915,Emily Wong,scole@gmail.com
916,Jacqueline Douglas,wmontgomery@hotmail.com
917,Crystal Lopez,bryce71@yahoo.com
918,Devin Robinson,vegamelissa@hotmail.com
919,Mark Shah,jenniferfrank@gmail.com
920,David Mcdonald,jessica05@mosley.com
921,James Harris,jamiephillips@kelley-duncan.com
922,Lee Patel,delgadorobert@yahoo.com
923,Lee Hill,vewing@gmail.com
924,Tracy Ross,robertszachary@schneider.com
925,Crystal Miller,jyork@yahoo.com
926,Scott Hughes,mward@white-hall.com
927,Melissa Lopez,muellerbenjamin@gmail.com
928,Christopher Bishop,benjamin83@benson.com
929,Danielle Williams,walter11@hotmail.com
930,Maureen Washington,twiggins@gmail.com
931,Joshua Williams,kimberlygriffin@soto-kelley.biz
932,Charles Martin,yking@humphrey-watkins.com
933,Juan Potts,braypamela@kelley.com
934,Colin Lewis,tyoung@lewis-white.info
935,Rebecca Stephens,gailbrewer@scott.com
936,Ebony Johnson,vbanks@hernandez-mcdonald.net
937,Mary Wolfe,fkennedy@gmail.com
938,Regina Mclaughlin,albertherrera@yahoo.com
939,Donald Davidson,erik50@garcia-hoffman.net
940,Teresa Jones,bjohnson@cuevas.com
941,Kelly Jones,lanemichael@krause-melendez.com
942,Shelly Adams,xsmith@kaufman.com
943,Mary Rogers,bobbymcmillan@hotmail.com
944,Angela Dixon,kingjennifer@gonzalez-francis.info
945,Olivia Thompson,asanchez@marsh.com
946,Damon Jordan,figueroabrian@ferguson-ramirez.com
947,Michelle Payne,tking@marshall.com
948,Mary Howard,ericprince@holland.com
949,Annette Wright,lisa81@johnson.biz
950,Brian Taylor,deborahpalmer@tran-nelson.org
951,Jessica Berry,wfreeman@yahoo.com
952,Douglas Smith,angela82@davis-coleman.info
953,Alyssa Smith,david36@gmail.com
954,Carrie Miller,jelliott@gmail.com
955,Megan Goodwin,xbenson@gmail.com
956,Megan Sims,leeashley@thompson-webster.net
957,Katherine Kelley,sandra92@moss.net
958,Jennifer Velazquez,andrew04@smith.info
959,Taylor Dillon,dawntaylor@terrell.info
960,Scott Thomas,meghan49@burgess-burgess.com
961,Kristina Becker,arthurpittman@hotmail.com
962,Matthew Peck,garciakayla@gmail.com
963,Gary Payne,bridget76@brown-diaz.com
964,Jonathan Jones,heatherthompson@johnson.info
965,Jacob Gray,meltondillon@yahoo.com
966,Robert Beasley,jessetucker@yahoo.com
967,Amanda Carson,dgeorge@fletcher-solis.net
968,Mrs. Kimberly Moss,theresawilson@payne-thomas.com
969,Matthew Ramos,fbutler@hotmail.com
970,Wendy Thompson,qrollins@harmon.net
971,Andrea Ellison,jroach@yahoo.com
972,Nicole Morton,whitejanet@gmail.com
973,Jennifer Carter,schultzbrooke@gmail.com
974,Jeffrey Lloyd,morganmartin@smith-pittman.com
975,Chris Miller,henrybrown@beltran.com
976,Carla Holder,michelevargas@gmail.com
977,Megan Bryant,kennethcamacho@hotmail.com
978,Jennifer Bowman,stevensonkimberly@yahoo.com
979,David Hart,bensonrobert@walton.com
980,Kelly Adams,robinhinton@hurley.net
981,David Perez,medinasean@gmail.com
982,Brittany Harding,wolfekevin@yahoo.com
983,Crystal Higgins,prattfrank@gmail.com
984,Jessica Le,smoore@hotmail.com
985,Bradley Hansen,iharris@chambers.org
986,Martin Schultz,fwood@adams.com
987,Lauren Howard,aarnold@green.com
988,Toni Mendez,krice@martin-hughes.net
989,Christopher Taylor,jennifermahoney@hotmail.com
990,Adam Davis,gregory46@wiggins.com
991,Tracy Johnson,wdiaz@jones.info
992,Brandy Tapia,arthur92@gmail.com
993,Frank Adams,ariaspaul@marshall.com
994,John Chavez,erica90@yahoo.com
995,Scott Powell,burnsdamon@hotmail.com
996,Shawn Luna,xjames@wheeler.com
997,Carrie Lewis,glen16@lee.org
998,Frank Smith,kathleendunn@gmail.com
999,Dr. Ana Zamora,charleshernandez@hotmail.com
1000,Theresa Rocha,vjames@flores.net