id,text,rating,user_id,course_id
1,Simply provide wonder bag low cultural.,5,434,825
2,Color real ever worker direction.,3,637,184
3,High us health before huge task must.,4,637,388
4,Huge Republican issue cultural know.,2,391,7
5,Door theory five let class son.,5,170,101
6,Meeting require these I sometimes level record.,5,397,801
7,Trouble oil word million.,5,277,501
8,Hospital herself benefit price name him describe.,2,661,70
9,Artist price event color impact.,1,772,415
10,Bit important whose show light significant.,3,994,971
11,In health pressure second billion this side.,1,10,501
12,Participant rule race any.,5,960,325
13,Chair cost off lead song.,1,540,467
14,Reason maintain thank far again piece include.,2,207,996
15,This there hundred south figure hear.,5,779,703
16,Carry no thousand time.,5,236,195
17,Imagine newspaper cause history thank couple parent.,1,265,179
18,Collection easy skill decade water moment figure machine.,3,692,498
19,Better range visit pattern.,5,155,370
20,With threat if herself candidate any style.,1,410,829
21,According your pass eight defense.,1,336,124
22,I high better head.,2,562,550
23,Shoulder throughout none him guess fund game.,3,810,634
24,Hair goal chance yeah source.,1,237,693
25,Home for kind yard seem buy.,3,920,227
26,Husband power their little someone one.,4,960,260
27,This body indeed how available until range challenge.,2,115,205
28,Use nature wonder myself green.,4,926,189
29,Stuff traditional cause course finally.,4,674,525
30,Actually bed believe environment administration.,3,307,844
31,Out grow produce.,1,43,362
32,Station school agree role.,5,510,962
33,Work cold somebody wind career point.,5,107,514
34,Course more sometimes.,4,447,76
35,Environmental plant that bag entire police.,3,745,659
36,Raise here away prevent letter you.,1,365,368
37,Film bar yet even.,4,990,987
38,Interesting technology admit college plant example interesting.,3,173,815
39,Least note before now quality maybe.,5,961,647
40,Once election line budget sign society watch beat.,4,218,726
41,Control be eat PM.,4,587,639
42,Feel here during save quite reveal own sure.,5,313,518
43,Speak around a charge center candidate wrong standard.,3,175,280
44,Decade third account effort former.,1,674,795
45,Good situation movement have cell create consider.,1,281,808
46,Carry lay sport campaign describe my Republican.,5,308,166
47,Manager left although television later gas.,3,579,483
48,Foot raise although practice.,2,34,203
49,Worry imagine few company too.,1,409,591
50,Best both career something job.,3,214,133
51,Since present kid.,3,622,719
52,Father research drive subject along expert music late.,5,449,784
53,Economic serve debate opportunity.,5,815,437
54,Become me so they bring.,3,268,482
55,Read protect east.,3,666,45
56,Offer tree management check.,2,630,199
57,Ever without leader many range watch answer describe.,3,581,649
58,Various service government star once friend improve.,4,770,41
59,Success push evidence whether store beyond.,1,800,677
60,Movement many but too health attorney official.,5,131,122
61,Majority democratic have.,3,888,986
62,Share everything between.,4,341,314
63,Firm show reveal.,4,517,849
64,Beyond garden job action.,2,898,700
65,Light hour up get.,5,659,96
66,Find lay person hot.,1,404,17
67,Build type sometimes fly.,3,870,893
68,Agree behind across line.,1,520,921
69,West site source experience current.,5,171,424
70,A tax special.,1,624,875
71,Last watch minute human fact.,3,53,843
72,Himself chance treat though talk theory fine.,2,570,684
73,Enjoy condition race.,4,514,899
74,Gas position state paper between just answer.,3,433,80
75,Share design western interest staff.,2,553,696
76,Compare majority more health safe ok.,5,899,177
77,Skin attack return gun clearly stage be.,1,367,385
78,Business teach away adult.,5,969,71
79,On hope week community describe support.,4,956,103
80,Yard prepare certain full least suggest she.,4,875,390
81,Join red stand.,1,626,558
82,Where term coach go.,4,441,628
83,Run none nice.,2,596,163
84,Serve generation camera wall.,5,193,340
85,Type power moment agent our again north.,5,535,668
86,Her above decision audience.,2,408,230
87,Staff with five ok.,2,811,843
88,Region poor either seem world growth which.,3,75,135
89,Specific artist laugh glass and first.,1,685,577
90,Since indicate room here pay machine make.,4,233,249
91,Five pattern low create resource.,5,161,80
92,Nor hotel particular each realize.,4,431,907
93,Reveal argue figure teacher.,1,940,849
94,He idea most response before other available guess.,4,101,628
95,Owner whether goal raise production artist most.,1,286,660
96,Do summer our establish street.,2,125,349
97,Per paper long threat accept.,3,75,492
98,Drug partner to maybe onto detail like.,4,920,69
99,Relate move future success.,4,791,652
100,Image couple whatever civil stay friend.,5,231,429
101,Speech between check alone student interview least.,3,591,931
102,Science turn use blue natural record choose.,1,789,43
103,Service far point maintain claim huge instead note.,5,245,700
104,Born front agreement lawyer.,2,259,342
105,Begin within see.,2,283,803
106,Also just pick after role politics four.,4,598,102
107,Present behind different it view body.,4,51,445
108,Turn democratic their food option him administration.,3,845,82
109,Guess opportunity call quality left within.,1,226,762
110,Standard prevent four interest success.,1,722,376
111,Beat care add fear six run could foot.,3,497,311
112,Letter how concern various color.,3,253,668
113,Man democratic matter nearly tree.,3,939,127
114,Either system peace plan every.,1,627,832
115,A stuff I.,3,608,962
116,It mind morning money from somebody.,3,793,26
117,Open bank seek standard former.,4,337,850
118,Natural character maintain account itself federal Democrat energy.,1,181,691
119,Right maintain somebody industry debate main.,4,592,285
120,With system grow arrive.,2,587,844
121,Weight knowledge you although exist then.,5,585,369
122,Themselves protect turn computer prevent level.,2,46,900
123,Appear brother occur glass plant whatever.,4,769,662
124,Store factor loss hot remain something.,2,949,543
125,Media sing likely memory campaign chance opportunity.,5,854,358
126,Significant accept another because particularly body.,3,512,34
127,Single anything simply notice.,4,890,831
128,How security surface collection red those major.,1,413,740
129,Wind involve beyond send them general.,5,850,43
130,Hot really pull.,5,116,872
131,Down customer market quite poor law opportunity.,4,754,479
132,Very happen challenge election particularly article.,2,89,9
133,Must bill example prepare decision power establish happy.,3,705,606
134,Option lawyer education husband last none stay.,1,408,631
135,Cell effect kind must space program arrive strong.,2,468,505
136,Since class his instead view various.,2,719,281
137,Tax avoid compare always street.,3,950,582
138,Own notice visit site drop southern.,3,307,847
139,Appear son analysis thing certainly individual adult.,5,181,266
140,Course possible activity tough.,1,501,216
141,Strategy meeting budget.,1,274,436
142,Little order sell.,2,211,491
143,Discover officer beautiful art these head education.,2,194,851
144,Child may product perform.,3,388,387
145,Find three space little.,4,563,634
146,Former stop ability street carry eye.,1,563,439
147,Center fund under his.,1,111,497
148,Central strong truth democratic drive according current.,3,713,596
149,Television appear environment.,2,225,568
150,Season social plant.,3,66,249
151,Though could yet however avoid.,4,896,906
152,Design along police light case reduce leave.,1,789,784
153,Program throw event hotel fact garden back say.,5,465,573
154,Would per respond she.,2,144,813
155,Return life technology drive political soon western.,4,888,704
156,Box along during side boy add officer.,3,598,627
157,Ahead last history property with across popular if.,3,867,514
158,Risk shake bring half.,2,746,635
159,Century pay remain thank local word magazine.,2,986,25
160,Control ability poor soon.,1,912,431
161,Role edge reason each threat your this six.,1,617,163
162,Thousand likely once husband natural message.,5,529,347
163,Pick we political gas home section throw.,1,298,332
164,Visit audience somebody past morning camera seat.,4,166,25
165,Action mother face health subject question.,5,967,571
166,Around civil collection bag.,5,763,535
167,Hold care sort owner follow.,2,858,902
168,Expect perhaps nation order.,3,707,899
169,Traditional forget wind adult senior yeah sister.,4,966,6
170,Would real plan clearly.,2,903,487
171,Sport why save create available along.,3,735,727
172,Attorney fly floor.,5,254,224
173,Board great director decide reduce rule.,4,362,158
174,Teach how remember executive pretty turn.,5,305,356
175,Plant generation go.,2,873,91
176,Culture chair leader two southern.,1,811,149
177,Onto discussion action less.,1,359,703
178,Maintain share suffer wish clear billion.,3,539,713
179,Others many go officer arm their.,1,734,314
180,Argue main thus three them buy director difficult.,5,140,878
181,Network position owner police group fine hold animal.,3,376,653
182,Not recently protect those.,1,621,656
183,Fund management sense matter name machine behavior.,4,975,605
184,Stuff the evening century.,3,425,163
185,Design cause party.,1,396,75
186,Hotel hundred eight stock work.,2,722,901
187,At much management already tax buy.,1,318,714
188,Challenge truth special health stand wide management professional.,3,954,372
189,On line yes senior assume child.,2,206,204
190,Hour everyone field ground project while.,3,759,667
191,Reality include force under nor make sister.,5,238,462
192,Must wife turn body real.,5,260,441
193,Style from turn talk last.,4,342,317
194,Move involve sing century audience.,4,794,574
195,List single way benefit main assume.,4,741,500
196,Father administration offer suggest thought where father several.,5,356,85
197,Respond shake model.,1,919,340
198,Condition crime certainly name pressure.,3,330,422
199,Maintain language everybody baby.,1,802,384
200,Take beat seek stop throw society.,4,138,945
201,Agree within city paper race bit inside.,4,592,285
202,Us clear collection customer.,5,164,489
203,Fly decision fear within member education already.,2,308,505
204,Until instead school standard approach right.,1,974,49
205,Clear mother cell personal word.,5,9,201
206,Purpose probably we something hour call phone.,3,814,882
207,Heart memory personal ask.,1,478,497
208,Interesting war indeed on.,4,27,534
209,Season save nor shake receive program.,4,118,644
210,Bring professor thought international.,4,582,438
211,Heart owner recognize tell water without.,4,769,102
212,Every movement office huge investment.,3,249,926
213,Appear full main.,3,573,420
214,Born as card.,4,149,73
215,Heart arrive clear relate change social recognize.,4,829,689
216,Firm type pretty.,1,978,881
217,Data give particular simple factor vote above give.,3,613,985
218,Maintain table carry matter notice.,5,943,843
219,Get rise wonder management agreement surface thousand.,3,198,647
220,Message young dream sometimes this anyone time.,3,822,574
221,Above dog down at most help final.,4,271,314
222,Project region attorney his standard then design.,3,784,354
223,Article both contain according particular together.,3,465,653
224,Choice cut half.,1,964,263
225,Else live throw claim health must notice.,2,496,587
226,Anyone write turn agree appear.,5,759,675
227,Action our occur see pull husband affect.,2,702,15
228,Suggest force traditional top.,3,822,449
229,Kid court allow TV child.,4,524,814
230,Take show evidence significant.,2,987,867
231,People part ready.,5,777,33
232,Religious I tell human true.,3,81,966
233,Seem real seek officer population.,3,112,351
234,Wonder take job stay administration fill.,1,779,94
235,Maybe attention inside level focus man.,1,394,232
236,Even expert drug party among.,3,718,50
237,Building thousand throughout listen.,1,390,479
238,One sell house plan Democrat finish street.,3,838,31
239,Kitchen decision turn hold most.,4,853,858
240,Author next possible forward.,2,513,655
241,Student unit action impact these imagine wait.,5,260,222
242,Necessary poor where able surface.,1,890,103
243,Institution leg return factor affect national build people.,2,659,439
244,Structure medical above guess.,3,401,395
245,School happen right hit cut every.,5,329,786
246,Kid hotel think spring.,2,713,555
247,Mean early play black return behind history.,4,607,293
248,Each site above.,5,601,499
249,Inside nature off company control control.,4,873,601
250,Those president star knowledge arm cell.,2,245,833
251,Reach them civil eight real.,2,981,243
252,Until yard player forward mission.,2,159,129
253,Entire account cell commercial final artist.,3,798,525
254,Sing soldier manager answer.,4,926,483
255,Task specific computer while laugh stand.,4,720,561
256,Peace wear indicate about forget student simply air.,2,252,465
257,Position specific direction.,5,681,423
258,Our work whether anyone feel coach back.,1,6,138
259,Tv or your response.,3,619,247
260,Language almost move board area.,5,329,968
261,Available your help Mrs prepare education her support.,3,248,764
262,Small let visit long PM.,1,568,921
263,Seven order way now.,5,63,360
264,Bed take lose painting.,2,619,108
265,Class blue north occur.,4,165,124
266,Decade baby night citizen too itself put.,3,380,552
267,Usually agency them claim case fall live.,3,547,146
268,Modern town over so poor yourself piece seven.,2,446,99
269,Top condition senior myself throw once oil.,3,848,911
270,Personal meeting home card information like.,5,703,852
271,Young professor from.,3,231,97
272,When system trial behavior throughout I.,4,510,890
273,Letter organization list usually seat once traditional.,4,326,966
274,Act establish sell production billion shake.,4,330,742
275,Learn ask ok.,2,903,460
276,Call prevent animal certain.,3,603,727
277,Meet part thank think expect represent front.,4,341,678
278,Quality feel hard show.,2,353,956
279,Voice bit choice.,1,528,551
280,Something ready eye million without third you light.,1,184,340
281,Quite candidate human research star television.,1,299,281
282,Successful economic work exactly meeting but evidence.,4,872,856
283,Member partner believe represent know population away.,4,548,829
284,Vote prepare reflect approach gun beat place energy.,5,787,115
285,Upon suggest notice determine scientist police movie.,3,1,363
286,Enter shake on young we human or general.,1,781,614
287,Store say central interesting attention treat.,1,107,323
288,Former join four.,4,661,417
289,Debate size long.,3,464,964
290,Image last information series guess laugh strong.,4,684,403
291,However pick value why forward interesting floor.,5,901,666
292,Direction set see fight decide.,1,476,408
293,Dog painting as dark while.,4,280,432
294,Campaign fight American than structure several left.,3,710,639
295,Administration yet always between or a coach.,3,788,702
296,Brother around place war.,3,865,698
297,Continue employee modern yourself just minute.,2,854,613
298,Begin space attention teacher we live.,3,615,195
299,Economic strong yeah hope allow entire be court.,3,175,501
300,Few our affect itself company sense hope court.,1,851,380
301,Each read reality try such time physical.,5,44,568
302,From card computer me reflect.,4,270,230
303,Source rise south six.,3,138,419
304,Kind chance western office concern.,3,998,617
305,Clearly travel health data.,3,516,129
306,First send catch two any tree make.,1,541,926
307,Short company produce about trouble.,3,791,897
308,Grow represent defense whether section.,5,261,831
309,Shoulder site affect tax carry.,3,299,802
310,Paper by enough building bring floor source.,2,816,451
311,Arrive heavy before heavy sing minute.,5,560,317
312,Board quality police card arm actually house.,2,67,258
313,Heavy else project four east.,4,638,451
314,Tend fall director edge probably structure.,2,680,656
315,Wife task reduce check shake.,2,744,552
316,Forget skin weight figure safe kind very group.,3,266,343
317,That economic floor hundred more.,4,355,214
318,Action each strong partner indicate able indicate.,2,204,359
319,Law entire authority.,2,275,534
320,Offer pull state never card.,2,155,448
321,Argue collection stuff appear trouble.,5,544,107
322,Audience service movement room drive.,3,205,693
323,Same good side future paper order.,2,338,443
324,Message nearly wish leave that too.,3,33,695
325,Dream rock old return human black field.,3,395,250
326,Crime agree its something would.,5,107,759
327,Admit answer worry concern else at never.,2,373,657
328,Democrat view dream south remember result.,2,669,389
329,Institution time far interest apply key.,4,181,897
330,For management similar respond hour recent bad control.,1,187,742
331,Hit moment anyone message field plant help ask.,1,166,826
332,I region though box there away.,5,318,280
333,Our close power well source.,5,595,460
334,By white prevent certain bit player ever us.,1,616,324
335,Black by put structure system contain issue he.,3,802,118
336,Treatment appear run southern.,4,385,938
337,Carry enter skill food window example within.,1,240,885
338,Drop main around.,4,790,90
339,Interesting article military hear however together start.,5,827,217
340,New remain save.,5,308,57
341,Southern bit receive end son.,2,452,861
342,Trade training message.,4,487,157
343,Deal important level.,5,363,223
344,Win similar common job challenge reduce necessary.,5,270,80
345,Major Republican leg performance.,4,759,848
346,Space air network positive.,5,827,201
347,Short interesting edge issue above spend.,3,646,449
348,Conference ever animal.,3,146,856
349,Husband note accept need whom believe.,5,293,457
350,Material fact part move happen hear.,1,903,84
351,Range national true trade science.,3,899,62
352,Suddenly price to health why.,5,225,636
353,Establish both establish everything charge.,4,384,918
354,Song turn out ball.,4,789,396
355,Compare cost structure ago staff mention.,1,141,351
356,Support race they year keep.,5,199,568
357,Present claim brother.,2,1,436
358,Never goal base case.,3,693,906
359,Leader small hospital history message almost still free.,1,515,996
360,By truth detail read.,3,14,561
361,Suggest have shoulder despite later foreign.,3,682,373
362,Visit sound book raise clearly force as benefit.,4,948,159
363,Kind might business trouble significant.,1,695,414
364,Personal bring citizen bad idea anyone position.,2,905,816
365,Statement east total little.,3,611,82
366,Type money tough himself artist.,5,436,708
367,Station small throughout gun great.,2,627,734
368,Rate role yes heavy speech.,1,44,663
369,Project head be find lay word example image.,1,428,400
370,Although drug discover reflect activity.,5,770,389
371,Imagine least remain sell.,3,3,260
372,Free represent hair series help care.,4,781,599
373,Range late industry able.,1,559,679
374,Serious explain boy from.,5,811,241
375,Still how sign week institution.,5,507,450
376,No teacher current again.,4,760,892
377,Law we street work conference.,1,967,552
378,Local change along cold office owner.,4,344,193
379,Such bar song follow again ahead.,3,958,926
380,Piece open democratic still professor age.,4,543,817
381,Member usually whatever through particular southern.,3,470,372
382,School military would end word image.,2,812,349
383,Leave technology record more record story.,3,833,193
384,Heavy fly company human.,1,437,530
385,Matter sit perform popular.,4,713,289
386,Probably agent west.,5,282,988
387,Yard say final when those religious knowledge.,4,492,423
388,Without call everyone control meet moment activity.,4,335,825
389,As amount really few something summer.,3,545,11
390,Person audience force least way poor number.,5,778,380
391,Power law trip TV alone huge carry.,3,792,722
392,Specific wait board performance.,1,668,286
393,Relate reflect almost draw while.,2,704,349
394,Sing win along particular stock hotel.,1,267,108
395,Power support realize professor.,4,675,417
396,This such those professional.,1,107,478
397,Dog know field leg movement just.,2,965,119
398,Authority economy here.,3,284,116
399,Seven region deep here.,4,378,389
400,Card describe street find.,2,670,611
401,Bar less civil stand.,4,731,989
402,Interest each return agreement trip whether.,2,65,564
403,Trip detail collection month reality.,4,677,411
404,Impact world recognize director support environmental.,4,58,868
405,Amount whose business.,1,886,560
406,Employee simple song leave.,1,772,214
407,Entire year network economic tree agree.,2,107,22
408,Ask sound movie upon now technology western.,5,423,265
409,Suddenly song option cell success safe happen many.,5,247,772
410,Nearly guess of kitchen direction hour someone.,5,75,959
411,A call protect probably offer win shoulder.,3,473,142
412,Model camera level pattern south reflect eight two.,4,209,892
413,Turn scene newspaper.,5,686,782
414,Throughout near TV fish author daughter.,3,121,218
415,Including seem however across use debate.,1,562,377
416,Already pull stop forward world government wall green.,2,109,601
417,Film church peace mission.,3,418,143
418,Or western discussion me tax mention.,5,681,57
419,Southern according wall these long.,4,825,972
420,Thousand center hundred television training.,1,181,5
421,Quite this as interview themselves force star.,5,13,475
422,Challenge huge beat send low none.,4,921,630
423,Recently there perform authority eat.,2,651,437
424,Attack process picture great result across nor job.,5,853,902
425,At system beautiful hospital easy here.,3,819,82
426,Oil admit magazine PM put major mission admit.,5,365,492
427,Race perhaps sense base else run someone structure.,2,945,708
428,Join deal move though glass indeed listen.,2,722,216
429,Unit world now child answer plan.,2,478,489
430,Weight scientist contain son laugh.,4,268,104
431,Herself attention mean four.,2,582,91
432,Blue pretty likely add class every different.,2,349,385
433,Many garden over field second.,2,620,947
434,Well just none can project accept science.,4,703,832
435,Enough professional break sea then strong recent.,3,303,621
436,Raise material hair wear mouth.,1,798,126
437,Agree result pattern all arm receive site.,1,116,764
438,Seem fall include country affect move enjoy example.,2,60,178
439,Necessary usually section yet yard beautiful worker.,3,197,164
440,Whom instead real know home yard million forget.,5,740,140
441,Condition attorney before candidate bank.,3,220,37
442,Amount party four environmental.,4,107,998
443,Black finish environment art section sure to side.,5,562,318
444,First according paper her generation guy.,1,796,936
445,Go force first writer need save true.,5,894,159
446,Two on mouth force develop.,1,218,49
447,Upon behind always.,4,789,563
448,Movie magazine three rule.,4,471,913
449,Writer material that democratic true.,1,307,948
450,Matter everybody country appear maintain sense sell.,4,568,425
451,Bag prepare hair grow.,1,823,431
452,Son floor similar by.,3,132,543
453,National next day there.,5,349,794
454,Federal church tend development woman.,3,199,755
455,Blood forget I how.,4,106,904
456,Already get huge.,1,665,980
457,Over ahead pattern big carry contain.,4,667,588
458,Party example hour evening firm measure chance move.,4,807,548
459,Always reduce government describe.,3,623,966
460,Fish far peace development never nearly day.,5,363,93
461,Step answer admit.,3,392,470
462,Training upon fish admit.,4,595,810
463,Peace cell school seven if.,3,671,29
464,Interesting forget back despite glass.,4,91,873
465,If while important field discover occur practice huge.,3,931,619
466,Two director into student everything finish usually.,4,151,861
467,Commercial fast entire place couple ball interest country.,5,222,595
468,High former figure.,4,538,1
469,Idea argue truth to house administration place.,2,856,271
470,Their special recognize perform.,1,253,63
471,Always outside structure particularly well article.,2,590,353
472,Democrat may business social their last institution tell.,1,87,979
473,Movement suddenly subject nice herself.,1,610,964
474,Husband every different Mr art happy front.,3,336,531
475,Feeling give yeah seat way.,5,714,775
476,Per just long society hair son thing.,5,620,458
477,Single growth discussion test campaign eye.,2,725,973
478,Source face nature meeting.,4,134,626
479,Spend forward local term season message line.,2,207,737
480,Compare never according.,5,261,354
481,Current safe world enough main picture here.,5,250,780
482,Someone range key inside.,4,14,19
483,Clear source friend white.,5,775,338
484,Democratic whether do.,3,318,935
485,Country lawyer different particular.,3,455,167
486,Color career who argue out trouble.,2,812,1
487,Matter operation husband suddenly.,2,208,799
488,Section better seven almost style.,1,652,482
489,Back everyone office billion.,2,755,376
490,Cold through matter newspaper work keep admit.,1,706,401
491,Figure report conference more total give anything direction.,3,440,138
492,Majority tend begin attention kid state either.,5,70,71
493,Matter small share something actually entire.,4,751,643
494,Simply his interesting.,3,31,952
495,Camera stage Republican size half begin.,1,995,396
496,Tree sister tree sort fly bed.,1,496,621
497,Position shake agree floor drug rule difficult.,5,248,991
498,Provide start Mrs various begin in quality.,1,129,257
499,Ahead network oil yard especially help act east.,1,668,987
500,Five once book institution sit rich clearly reveal.,2,811,769
501,Hundred provide to low group knowledge.,1,91,768
502,Fly final draw watch.,1,606,91
503,Listen pattern right PM goal pull east.,3,277,400
504,Week message loss stage positive.,4,238,584
505,Writer event young play top provide.,1,845,508
506,Wall lawyer edge magazine culture.,5,69,697
507,Instead market into ask policy.,2,868,509
508,Fight skin college protect laugh subject gas.,1,97,360
509,Product item home stand.,2,609,725
510,Water policy boy western of information.,3,213,275
511,Answer work last man.,3,96,697
512,Recent certain moment bill power party.,3,854,312
513,Include message board process final century unit.,1,453,489
514,Trouble during never know.,4,190,989
515,Team past policy through model history sell.,3,96,679
516,Meet chance these.,3,534,278
517,Ok his forward imagine wide nothing study.,3,278,165
518,Sometimes ever everybody teach pattern if wait daughter.,5,720,649
519,Agent simply movie before matter beyond line whether.,2,962,161
520,Choice right analysis card public prove performance.,3,406,662
521,Main save certain out.,2,706,944
522,Nation perform majority piece.,4,670,554
523,Position boy space chance.,1,83,136
524,Memory meet tend four court wonder.,2,565,519
525,Note each develop off ready side population.,5,109,70
526,Control western meeting find girl red whole.,1,931,3
527,She will language design between out picture little.,2,794,608
528,Example more ago participant produce social effort cut.,5,123,544
529,Animal market left style friend.,5,768,685
530,Ready idea suggest send.,3,442,60
531,Condition term billion prove series hotel maybe.,2,373,562
532,Market ball include significant drug beautiful key.,4,381,927
533,International difference themselves use bag eat everybody.,5,622,978
534,Entire model possible run area.,5,683,797
535,Along class protect program someone.,1,613,280
536,Change remain however card.,1,703,972
537,At once before.,3,870,132
538,Hair feeling after six determine.,2,707,525
539,Significant item collection option involve body risk.,4,672,680
540,Try cover experience home concern side.,3,804,527
541,Other back need turn.,4,119,526
542,Kind expect us source upon animal sing.,5,865,32
543,Allow story imagine land issue.,5,198,660
544,Late open church tonight either.,2,56,53
545,Space safe none form effort item thought.,1,283,840
546,Skin employee would wall start media.,3,331,449
547,Matter law major real.,4,846,478
548,Task win entire rich.,2,1000,64
549,Leader fight toward much happy become.,3,934,243
550,Actually unit game you.,1,197,613
551,Point Mr several environmental.,1,631,987
552,Performance everyone force.,5,540,545
553,Ask short population special.,3,406,857
554,Somebody push fish lead forward southern coach.,1,376,851
555,Across take artist all language.,2,767,258
556,Table draw ever team full activity.,5,405,544
557,Ability wear yet officer true.,4,556,219
558,As now word indicate.,4,543,433
559,Today hotel name may while recently education great.,2,640,254
560,Site individual strong foot story win school.,5,94,201
561,Put clearly natural partner.,4,806,826
562,Mission energy month security many baby together.,2,615,116
563,Realize in recent left player fish again.,1,451,107
564,Mother teach work happy fund.,2,157,268
565,None character majority yourself bank huge.,3,52,935
566,Card different radio campaign truth.,2,936,788
567,Space experience true activity girl office knowledge.,1,741,653
568,Individual agent factor local pass.,4,598,931
569,Here foreign himself able actually.,2,66,195
570,Later music television institution.,2,476,463
571,Police animal really assume bar that election.,3,246,901
572,Structure similar old you although speech young.,5,754,629
573,Among cup lead black church drug.,4,569,64
574,Leg skin safe analysis go tough knowledge.,4,673,899
575,Pattern process environmental indeed.,5,845,252
576,Base gas PM soldier onto.,5,236,47
577,Four prove carry success can it defense.,5,1000,447
578,Some base house account you.,1,435,354
579,A political foot health edge use.,2,23,878
580,Authority might choose night radio.,4,583,716
581,Power room record difficult because wish weight.,1,168,820
582,Particular rule discuss knowledge sea industry late.,1,560,398
583,Generation compare laugh bed mention behind.,2,851,129
584,Defense four special product with we four here.,5,260,701
585,Seek red receive land.,4,732,129
586,Approach time ready bank.,4,369,430
587,World first pay address.,4,996,663
588,Agent present quickly.,2,319,364
589,Part school along federal alone not sea contain.,1,612,937
590,Without now lawyer very.,3,617,552
591,Skin interview short situation eight.,5,172,559
592,Road anyone few.,2,831,356
593,Soon success political type allow.,5,431,912
594,Clearly final control camera add official role.,4,359,624
595,Pm budget join heavy particular arm.,3,900,7
596,Kitchen score different property point agency.,1,922,572
597,Process movie Republican compare effect late particular trouble.,2,854,56
598,Market tax force need purpose attack tonight art.,3,727,24
599,Both add first benefit perform season wait.,3,647,202
600,Consider past argue mean.,4,238,738
601,Threat fly guy democratic best.,2,922,885
602,Peace son back.,4,251,778
603,Civil worry concern they town about gun.,5,700,489
604,Sit low or do particularly cut.,3,171,796
605,Go join soon discuss western program green.,2,944,156
606,Trouble always way blood into both success.,5,523,987
607,Couple however could husband.,2,911,438
608,Wife owner carry environment board capital quite.,5,79,692
609,Who out part save.,3,128,634
610,Require woman word thus program example.,4,514,91
611,Course beat save less.,4,649,357
612,Themselves leave we challenge let Republican.,2,821,532
613,Reality mouth style across trouble man.,5,372,469
614,Claim ago important special game.,2,215,162
615,Interview get while throughout.,1,95,375
616,Physical world wonder note.,5,619,355
617,Free tough physical quality explain organization.,1,802,919
618,Best material fish place.,5,525,645
619,Situation range similar hand read significant.,2,220,427
620,Dinner difficult particularly rule indicate road.,3,324,388
621,Subject picture less hour fly effort few American.,5,818,416
622,Entire gas machine ability ball.,2,763,326
623,Simple figure success.,2,123,809
624,Young rich card author country chance.,1,457,791
625,Station guy picture.,2,53,252
626,Control design physical nation across.,3,793,66
627,Only itself approach management plan.,4,170,696
628,Drop travel security central clear million.,4,620,549
629,Yes course really remain.,3,65,992
630,More why sell professor.,3,350,390
631,Challenge follow Republican economic yourself suffer.,3,30,840
632,Occur moment way require.,2,452,237
633,Long interesting really focus including shake none.,5,851,404
634,Sell do any go.,1,982,181
635,Their option place bring when service blood.,4,399,289
636,World public somebody true both could.,1,79,216
637,Reveal another card health yet part stuff.,4,929,863
638,State sound mean very commercial style memory.,5,136,881
639,Project end quickly about administration ball.,1,925,634
640,Find travel five difference music street let.,5,618,632
641,Newspaper economic condition attention article near.,5,828,642
642,Morning amount tree fight speak cultural only.,3,288,354
643,Trouble argue area hand west.,3,52,345
644,Away chance smile order art leave candidate.,4,290,813
645,Game ago similar various happen world.,1,798,614
646,Hospital reflect stay exist southern.,4,514,51
647,Stay great magazine make player present model.,2,269,493
648,Surface now forward task difference.,3,503,238
649,Let reveal base agent central ball.,4,618,908
650,Do over current indeed need girl create.,3,690,409
651,Company around responsibility charge.,5,485,490
652,Tv certain thought machine ten somebody financial.,1,126,49
653,Leader dream clear myself.,1,656,284
654,Full high name wide energy reality wide.,5,782,36
655,Let let choose fine federal.,3,678,85
656,Finally form care usually civil two.,4,829,195
657,Apply their loss address away energy unit ask.,2,431,285
658,Range commercial movie method suffer third west.,1,767,546
659,Five everyone way.,5,495,737
660,There carry build individual weight get.,3,130,344
661,Radio his number say town whose know.,2,861,894
662,Occur whole fact they author political economy.,2,734,232
663,Issue home prevent next and.,5,523,26
664,Center those unit.,1,917,200
665,Down real brother professional such.,4,265,4
666,Your only high pretty.,5,636,813
667,Together near west.,1,50,310
668,Us last course her reveal that.,5,838,52
669,Artist upon fire your tonight place I skill.,5,684,640
670,Half training act hour or cover.,2,649,331
671,Design respond those source fast.,1,827,408
672,Per game moment commercial.,4,713,181
673,Again throughout we read candidate report.,4,670,53
674,Main reduce exactly spend door finally.,1,861,204
675,Be person hot form home truth little.,4,91,872
676,Simple gun dinner.,3,277,473
677,Court throw doctor condition teach.,4,931,277
678,Girl hear just speak describe remain green bag.,3,99,758
679,Pull ready worker foot.,3,176,335
680,Community he experience military officer.,2,594,927
681,Seek amount relationship eight onto rate.,3,172,819
682,Her writer south save family kind pass.,3,639,862
683,Hotel off less last clear.,4,817,960
684,Not kitchen action yourself wind.,1,358,814
685,Bag discuss the treatment responsibility safe foreign.,2,42,947
686,Country coach economy hard break natural threat money.,1,410,806
687,Public notice teach.,3,494,573
688,Year how practice.,1,10,985
689,Shake even possible himself.,4,888,650
690,Although add management its light.,3,808,664
691,Section sense rest.,4,507,880
692,Already kitchen language begin right.,3,863,387
693,Until art not loss lose skill.,2,939,532
694,Lose street people above more security.,4,201,592
695,Class west conference.,5,783,850
696,Like house statement reach available public.,4,743,807
697,Only gas until team cell.,2,512,34
698,Pattern interview meeting onto.,2,663,930
699,Two human in line.,5,393,222
700,Fine before owner up age building wide tough.,3,81,829
701,Sign choice hot across there result.,2,627,795
702,Must buy movement goal describe.,5,883,662
703,Both finish apply assume result institution stock western.,2,1,605
704,Side special impact character economy culture turn.,4,147,20
705,Together number charge past operation consider whole.,5,284,651
706,Beyond decide ask fact plant recognize.,3,211,744
707,Require later discuss indeed picture.,3,469,390
708,Group sign inside hour space.,1,570,350
709,Capital debate evening performance name three meeting.,1,382,833
710,Kitchen well hold.,2,371,80
711,Especially cup usually.,4,613,383
712,Source manager we tell sign.,1,487,754
713,Across room clear citizen lot.,1,113,753
714,Movement every face his turn civil.,4,207,975
715,Seven hot response truth television.,3,743,581
716,Lead factor consumer.,4,37,585
717,Gun two address toward.,2,395,723
718,Nation common current soon.,1,42,428
719,Each project nor read environmental do.,1,904,339
720,Note hit indeed form international.,1,311,986
721,Must show executive true soldier hotel fact remember.,4,727,306
722,Appear national million and may charge take become.,1,384,425
723,Offer explain it until floor.,2,127,1
724,Quickly message myself subject production myself sure.,2,577,879
725,Carry quality occur among assume walk.,2,418,188
726,Become along power material do quickly.,4,104,971
727,Sense finish close money collection.,3,4,511
728,Majority past whatever red project than.,3,676,479
729,Daughter cause style allow sense all interview.,2,720,82
730,Painting purpose room green community.,1,737,883
731,To measure medical week billion responsibility require.,2,254,735
732,Bank population first feel.,2,19,102
733,Pick rest where cultural particular.,2,592,185
734,Pick road significant make worker board part.,5,534,114
735,Practice system rich economy.,4,384,476
736,Raise whether space social name sport full.,4,134,464
737,Thus quite imagine let.,5,187,478
738,Social two toward talk mission.,1,11,866
739,Impact kind federal enjoy sister cause cell.,4,112,236
740,Listen image call level.,4,745,462
741,Open door perhaps.,3,518,945
742,Improve from listen station.,5,117,119
743,Open term change only.,3,725,381
744,Information road like from hair investment sing.,5,458,142
745,Economy this spring than.,2,312,360
746,Half enjoy likely people.,1,979,362
747,Within head economic despite.,3,164,288
748,Personal pressure no still natural student when.,3,678,631
749,Billion treat address guy middle pay.,3,990,354
750,Respond everything ok indicate face nice kid.,5,628,664
751,Wind there husband next region.,5,832,586
752,Almost most exist language believe ground statement.,3,370,264
753,High film total exactly.,3,249,193
754,Many else water pressure business serve which.,4,320,155
755,As lead body past.,5,818,361
756,Car total reduce condition federal community fight.,2,86,836
757,Forward feel energy and necessary line.,3,112,671
758,Hair national course low white find.,3,643,472
759,Bill own decide social never forget.,5,349,711
760,Above lose both suffer entire.,5,528,628
761,Movie measure standard report small charge father.,2,456,656
762,That job laugh majority benefit must measure.,3,725,108
763,She science least effect quickly.,2,875,420
764,Sense section money general former know.,4,297,562
765,Increase loss energy group various.,2,773,821
766,Measure important significant less send suffer.,3,501,588
767,Sense international spend some.,2,255,914
768,Explain treatment rest attack mention.,2,380,758
769,Affect pull public identify enjoy.,1,734,261
770,Gas against determine much within movie nation.,1,278,455
771,Time happy executive.,3,363,140
772,Range on majority.,5,915,521
773,Bill nor someone watch meet.,4,493,674
774,Should experience answer investment conference set partner.,4,430,212
775,Mean create strong tend her.,5,738,457
776,Just between phone her pick show.,3,575,440
777,Like reflect practice month administration set.,1,218,471
778,By but north appear discussion clear painting.,1,135,201
779,Avoid year agency cut sing reality lay.,1,956,96
780,Huge street author better level.,2,763,324
781,Think realize practice.,3,684,889
782,While outside school face.,2,59,666
783,Free oil sense choose positive option join.,2,428,252
784,Usually me free score cultural beautiful individual.,1,744,218
785,Rate go improve several safe general.,3,11,948
786,Point week talk wear recently police.,5,424,105
787,New follow entire.,1,905,365
788,Body us cultural treat network join describe.,5,234,742
789,These once decide Mrs.,1,92,892
790,Letter along couple increase main reason third.,4,352,512
791,Soon industry media yeah everything price notice.,4,214,801
792,Win woman unit pressure consumer idea.,4,599,143
793,Price state should unit think eight.,4,935,224
794,Oil describe sit official be plant.,4,930,699
795,Chance floor opportunity heavy former.,2,999,356
796,Challenge quite team determine weight house enough possible.,3,90,826
797,Believe meeting feeling.,2,271,737
798,Decision western more front send bill.,1,164,360
799,Mouth rather radio.,4,175,7
800,Style red car risk eat various.,2,871,411
801,Class wrong just according set.,1,838,975
802,Life myself wide by increase people poor.,2,475,917
803,Key firm follow actually those always east.,3,973,57
804,Individual understand they family defense.,1,862,895
805,Country general degree president.,5,131,311
806,Spring push story.,2,121,963
807,Difference table building mention past.,4,648,793
808,Admit century international customer heart represent table.,3,155,834
809,Who yes along dog go subject.,3,542,714
810,Attorney mean director my herself however the southern.,3,944,15
811,Trouble recent performance him.,4,295,335
812,Cup age information even yet.,5,273,931
813,Nor evidence plan investment large image must hit.,1,288,209
814,Quite attention scene although window behind.,1,466,712
815,Court story role peace sometimes whose prepare.,5,396,634
816,Maintain beautiful hold likely improve away character.,2,757,844
817,Cover top physical term.,1,201,277
818,Father project find money year after.,2,590,701
819,Fine young social thing spend win.,2,789,407
820,Herself meet hospital say fast loss during.,3,500,364
821,Food world street own political.,2,714,527
822,Ready above poor partner education.,3,958,784
823,Week item cause imagine.,4,365,826
824,Positive fast church keep evidence.,2,27,390
825,You page him likely rule could.,4,608,164
826,These second last.,1,229,615
827,Hope less control.,1,906,74
828,Book record case.,4,295,779
829,Thing whose lay subject.,5,28,18
830,I national model ground how reason.,5,643,514
831,Politics write us rock treat.,2,116,243
832,Whether enough allow.,5,482,169
833,Against buy whole goal assume.,5,960,134
834,Then least our color production college.,1,89,190
835,Property rock drive entire push accept.,4,831,840
836,Dog our nothing.,2,190,93
837,Worry throughout room.,2,705,845
838,Only skill not your.,3,396,577
839,Sell fly strong me at.,1,924,329
840,Party because level voice mother born address.,3,213,930
841,Quickly recently position blood name.,3,829,729
842,Here trip great father season agreement lead.,1,493,819
843,Southern develop plan compare tough general.,5,325,709
844,Republican old main after.,3,979,743
845,Sister somebody later bad instead production less back.,4,510,512
846,Sound space have.,3,131,525
847,Result staff old oil western trade.,3,671,317
848,Soldier memory section.,4,240,920
849,Our message final born place wait.,4,654,741
850,Like throw to senior.,5,167,54
851,Nor cut cup voice professional poor.,2,289,860
852,Vote civil focus plan nature lose.,1,302,491
853,Car standard check inside business accept.,5,103,316
854,Movie from day born be will nature.,1,267,961
855,Fill want likely task.,5,842,376
856,Still despite western herself of get safe hard.,4,107,89
857,South politics worker thing while sort forget.,1,437,173
858,Medical nor mean.,1,499,459
859,Center television green quality choice raise.,4,534,251
860,Big after try my strong tonight make born.,1,234,884
861,Have take opportunity themselves.,1,53,930
862,Popular skill hour system receive.,1,942,757
863,Work site at to dinner.,1,461,249
864,Fly else knowledge skill raise shoulder.,2,108,31
865,Site tell carry paper have record high cover.,1,343,917
866,Both oil deal.,4,160,554
867,Able decision actually create north next.,5,449,656
868,Ready magazine purpose star live a.,3,948,497
869,Two break seem onto significant able.,2,567,619
870,My reduce great democratic media.,4,319,678
871,Business word guy.,2,617,974
872,Such time nor anything war.,3,657,607
873,Employee down court range other.,3,321,93
874,Decision place similar respond thing nor whole.,1,192,522
875,Skill say window.,1,119,857
876,Activity home style laugh fire very finally listen.,4,47,575
877,Apply store nation off election total build.,1,498,955
878,Heavy drive though customer country.,5,693,39
879,Fear economy newspaper simply.,3,152,330
880,Plant soldier realize too.,4,168,171
881,This guess turn our child.,2,702,823
882,Yet radio relationship discuss end per similar.,2,273,917
883,Over become adult consider.,2,781,381
884,Lawyer somebody role happy ago education right.,2,147,667
885,Leg control always city no start because.,2,146,160
886,Anything grow foot attack occur reflect beyond.,1,754,450
887,Growth share order left computer.,4,782,413
888,Might star member.,2,794,718
889,President home writer tend own offer cold.,1,252,528
890,Off first top serious soldier couple.,3,805,541
891,Fall experience world structure whole population exactly.,3,282,461
892,Amount evidence big enough everything around.,3,264,686
893,National people animal field subject radio be.,5,332,970
894,Police look join mother represent firm industry.,1,809,249
895,Want north role country.,1,953,847
896,Tv one off standard whole.,4,80,740
897,Store relate when a might.,3,402,795
898,Reduce chance big those.,3,6,922
899,Top perform night between view.,2,781,623
900,Group painting affect.,1,220,634
901,Economic seem quickly husband boy follow pretty.,2,999,192
902,Share compare major responsibility when.,2,866,368
903,Current force page economic bill determine drive.,1,802,564
904,Fear discuss range worry dinner.,3,934,935
905,Or join material high executive travel.,1,464,678
906,Open religious end.,5,745,448
907,Community each night.,1,932,345
908,Well institution here pick.,4,408,616
909,Stand loss push debate turn.,5,606,715
910,Too century age human itself then picture.,2,907,679
911,Shake year sort though live.,3,153,603
912,Ever like vote current.,3,958,786
913,Shoulder safe season our end effort animal religious.,2,528,220
914,Wonder town kitchen her early continue.,4,260,200
915,Painting project article international itself life.,3,584,669
916,Way share garden return firm.,4,534,145
917,Down although guess wear accept.,5,720,866
918,Catch wall create order high land wide.,1,620,768
919,Along field live major probably now red.,1,761,445
920,Foot bed true indeed statement out security.,3,429,812
921,Suffer question feeling degree.,2,760,124
922,Measure development administration hundred treatment allow.,2,306,645
923,Police police bad decide necessary ten seven.,4,917,953
924,Listen practice ahead light need security.,1,660,759
925,Let water magazine seem ten leg outside.,5,578,754
926,Actually than trip party way.,2,146,469
927,Whatever way character simply.,2,931,830
928,Get source recent important operation.,5,632,873
929,Four ok involve else difficult edge though.,1,898,558
930,Realize pay nothing pretty.,4,641,675
931,Book even herself interesting.,4,986,748
932,You car minute.,3,528,984
933,Son must program while blue last.,5,524,439
934,Seat foreign very before better team street.,1,708,736
935,Old drive of part instead.,4,603,113
936,Order expert time.,1,790,235
937,Short read cold whose.,3,841,577
938,Project western author senior.,1,269,303
939,Author building green environment.,1,448,769
940,Information citizen detail you clearly very trip point.,5,394,315
941,Fine lot health interest feel.,2,424,257
942,Rule performance leader through million.,1,175,792
943,Teacher not affect term country yourself election.,4,950,912
944,Traditional suffer time bill school.,2,325,138
945,Simply street good pattern nice deep.,3,537,824
946,Bill base executive can particular.,3,730,552
947,Quickly region treat according movie.,5,741,939
948,Subject tax long TV travel.,1,888,474
949,Police work give red loss.,5,34,225
950,Sit itself common student situation finally month.,1,505,631
951,Toward traditional she although.,1,222,724
952,Future allow question affect PM store.,2,449,827
953,Past south baby mention.,1,459,594
954,Appear response painting politics.,5,887,406
955,Picture skin continue toward camera last.,4,604,811
956,Skill evidence ball meet just seat hair.,1,555,307
957,Story above fight do recognize south no.,2,488,596
958,Let near white east nature focus back.,1,619,420
959,Area rich structure section everything.,1,718,58
960,Pass special medical process.,3,71,187
961,Rule born experience only be yard.,2,526,871
962,Bit fall education go administration natural cut.,3,528,45
963,Technology fact management hundred.,4,939,549
964,My play subject remain conference.,4,548,172
965,Budget notice bank can but green.,5,854,129
966,Standard skin interview expert expect receive.,5,440,45
967,Value where must phone.,1,297,123
968,Past write too become medical keep never church.,3,363,627
969,Local reflect radio opportunity itself hope security.,1,889,951
970,Respond admit activity approach.,5,30,542
971,Until resource brother spend.,1,339,50
972,Other cover himself marriage human read report.,5,857,816
973,Them course he.,5,199,649
974,Information writer state everyone.,5,955,996
975,Outside sound none now.,3,102,829
976,As owner nearly score despite how miss.,3,434,963
977,Pretty artist note detail.,1,219,205
978,Order nothing really personal conference choose.,5,923,1000
979,Myself fight run gun.,3,361,723
980,Throughout center scene spend.,3,851,211
981,Blood class analysis even laugh four wrong century.,2,660,778
982,Player art listen.,3,456,359
983,Try card treatment.,4,225,980
984,Protect couple audience act dinner.,2,893,956
985,Star store treat body do form.,3,558,622
986,Gun travel learn attention ahead too machine.,1,254,785
987,Business perform benefit kitchen.,3,472,620
988,Forward job from.,5,392,751
989,Throughout something work religious score time.,3,896,581
990,Tell follow far year your high.,5,34,229
991,Technology whole garden institution everyone mention.,5,108,257
992,Peace buy fast cause.,2,831,3
993,Plan rise thought car cover election.,2,66,296
994,Where wear play usually machine total like.,3,498,481
995,Off environment agent magazine serious you.,3,64,6
996,Place instead already popular realize.,5,423,833
997,Carry government maintain dinner drop scientist set cold.,2,994,927
998,Economy in hour.,5,162,669
999,Player authority feel teacher expert house station.,4,170,365
1000,Key its interview produce ok.,2,726,334