id,type
1,free
2,free
3,free
4,free
5,free
6,paid
7,paid
8,free
9,free
10,free
11,free
12,free
13,paid
14,free
15,paid
16,free
17,paid
18,paid
19,paid
20,paid
21,paid
22,paid
23,free
24,free
25,free
26,free
27,free
28,free
29,paid
30,paid
31,paid
32,free
33,paid
34,paid
35,paid
36,paid
37,free
38,paid
39,free
40,paid
41,free
42,free
43,free
44,free
45,paid
46,free
47,paid
48,paid
49,paid
50,paid
51,paid
52,free
53,free
54,free
55,paid
56,paid
57,free
58,free
59,paid
60,paid
61,free
62,free
63,free
64,free
65,paid
66,free
67,free
68,paid
69,paid
70,free
71,free
72,free
73,free
74,free
75,free
76,paid
77,free
78,free
79,paid
80,free
81,free
82,free
83,free
84,paid
85,paid
86,free
87,free
88,paid
89,paid
90,paid
91,free
92,free
93,paid
94,paid
95,free
96,paid
97,paid
98,free
99,paid
100,paid
101,free
102,paid
103,free
104,free
105,paid
106,free
107,paid
108,free
109,paid
110,paid
111,free
112,free
113,free
114,paid
115,paid
116,free
117,free
118,free
119,paid
120,paid
121,free
122,paid
123,paid
124,free
125,paid
126,paid
127,paid
128,free
129,paid
130,free
131,paid
132,paid
133,free
134,paid
135,free
136,free
137,paid
138,free
139,paid
140,paid
141,paid
142,free
143,paid
144,free
145,free
146,free
147,free
148,free
149,free
150,paid
151,paid
152,free
153,free
154,paid
155,free
156,paid
157,paid
158,paid
159,free
160,paid
161,paid
162,free
163,paid
164,free
165,free
166,paid
167,free
168,free
169,free
170,free
171,free
172,paid
173,paid
174,paid
175,free
176,free
177,free
178,free
179,free
180,paid
181,free
182,paid
183,free
184,paid
185,free
186,paid
187,paid
188,paid
189,free
190,free
191,free
192,free
193,free
194,paid
195,paid
196,paid
197,free
198,free
199,free
200,free
201,paid
202,paid
203,paid
204,free
205,paid
206,free
207,free
208,free
209,free
210,paid
211,paid
212,paid
213,paid
214,paid
215,free
216,paid
217,free
218,paid
219,paid
220,paid
221,paid
222,free
223,paid
224,paid
225,paid
226,paid
227,free
228,free
229,paid
230,free
231,free
232,free
233,free
234,paid
235,free
236,paid
237,free
238,free
239,paid
240,free
241,paid
242,free
243,paid
244,paid
245,paid
246,paid
247,free
248,free
249,free
250,free
251,free
252,paid
253,paid
254,free
255,paid
256,free
257,free
258,free
259,paid
260,paid
261,paid
262,paid
263,free
264,free
265,free
266,paid
267,free
268,paid
269,paid
270,free
271,free
272,paid
273,free
274,paid
275,paid
276,paid
277,free
278,free
279,paid
280,free
281,free
282,free
283,free
284,free
285,free
286,free
287,paid
288,paid
289,free
290,free
291,free
292,paid
293,paid
294,paid
295,free
296,free
297,paid
298,free
299,free
300,paid
301,free
302,paid
303,free
304,free
305,free
306,free
307,free
308,paid
309,free
310,paid
311,free
312,paid
313,paid
314,free
315,paid
316,free
317,paid
318,free
319,paid
320,paid
321,free
322,paid
323,free
324,paid
325,free
326,free
327,paid
328,free
329,free
330,free
331,paid
332,paid
333,free
334,free
335,free
336,free
337,paid
338,paid
339,paid
340,free
341,paid
342,free
343,paid
344,free
345,free
346,free
347,free
348,paid
349,free
350,paid
351,free
352,paid
353,paid
354,paid
355,paid
356,paid
357,free
358,free
359,paid
360,free
361,free
362,paid
363,free
364,free
365,free
366,free
367,free
368,free
369,paid
370,free
371,free
372,free
373,paid
374,free
375,free
376,paid
377,free
378,free
379,free
380,free
381,paid
382,paid
383,free
384,paid
385,paid
386,paid
387,free
388,free
389,paid
390,paid
391,paid
392,paid
393,free
394,free
395,free
396,paid
397,paid
398,paid
399,paid
400,free
401,free
402,free
403,free
404,free
405,free
406,paid
407,free
408,paid
409,paid
410,paid
411,paid
412,free
413,free
414,paid
415,free
416,free
417,paid
418,paid
419,paid
420,paid
421,free
422,free
423,free
424,paid
425,paid
426,free
427,paid
428,free
429,free
430,free
431,paid
432,paid
433,free
434,free
435,free
436,paid
437,free
438,free
439,free
440,paid
441,paid
442,free
443,paid
444,paid
445,free
446,free
447,free
448,free
449,free
450,free
451,paid
452,free
453,free
454,paid
455,free
456,free
457,paid
458,free
459,paid
460,paid
461,paid
462,free
463,paid
464,free
465,free
466,free
467,free
468,paid
469,free
470,paid
471,free
472,paid
473,paid
474,paid
475,paid
476,paid
477,paid
478,paid
479,paid
480,free
481,free
482,free
483,free
484,free
485,paid
486,paid
487,paid
488,free
489,free
490,paid
491,paid
492,paid
493,paid
494,free
495,paid
496,paid
497,free
498,paid
499,paid
500,paid
501,paid
502,paid
503,free
504,free
505,paid
506,free
507,free
508,free
509,paid
510,paid
511,paid
512,free
513,paid
514,paid
515,paid
516,free
517,free
518,paid
519,free
520,free
521,paid
522,free
523,paid
524,free
525,free
526,free
527,free
528,free
529,paid
530,paid
531,paid
532,paid
533,paid
534,free
535,free
536,paid
537,free
538,paid
539,paid
540,free
541,paid
542,free
543,free
544,paid
545,free
546,paid
547,free
548,paid
549,free
550,paid
551,free
552,paid
553,paid
554,free
555,free
556,paid
557,free
558,free
559,paid
560,paid
561,free
562,paid
563,free
564,paid
565,free
566,paid
567,paid
568,paid
569,paid
570,free
571,paid
572,paid
573,free
574,paid
575,paid
576,paid
577,free
578,paid
579,free
580,paid
581,free
582,free
583,paid
584,paid
585,paid
586,free
587,paid
588,free
589,paid
590,paid
591,free
592,free
593,free
594,free
595,paid
596,free
597,paid
598,paid
599,paid
600,paid
601,paid
602,free
603,free
604,paid
605,paid
606,paid
607,paid
608,paid
609,paid
610,paid
611,paid
612,free
613,free
614,free
615,paid
616,paid
617,paid
618,paid
619,paid
620,paid
621,paid
622,paid
623,paid
624,free
625,paid
626,free
627,paid
628,paid
629,free
630,free
631,paid
632,paid
633,free
634,paid
635,paid
636,paid
637,free
638,paid
639,free
640,paid
641,free
642,paid
643,paid
644,free
645,paid
646,free
647,paid
648,paid
649,free
650,paid
651,free
652,free
653,paid
654,paid
655,paid
656,paid
657,free
658,paid
659,free
660,free
661,paid
662,paid
663,paid
664,paid
665,paid
666,free
667,paid
668,free
669,free
670,paid
671,free
672,free
673,paid
674,paid
675,free
676,free
677,paid
678,free
679,paid
680,free
681,paid
682,free
683,free
684,paid
685,paid
686,paid
687,free
688,paid
689,paid
690,free
691,paid
692,free
693,free
694,free
695,free
696,free
697,paid
698,free
699,paid
700,free
701,free
702,free
703,paid
704,paid
705,free
706,paid
707,free
708,paid
709,paid
710,paid
711,free
712,free
713,paid
714,paid
715,free
716,free
717,free
718,free
719,free
720,paid
721,paid
722,paid
723,paid
724,paid
725,free
726,paid
727,free
728,free
729,free
730,free
731,paid
732,paid
733,free
734,free
735,paid
736,paid
737,free
738,paid
739,free
740,free
741,free
742,free
743,free
744,free
745,paid
746,free
747,free
748,free
749,free
750,paid
751,paid
752,paid
753,free
754,free
755,paid
756,free
757,free
758,paid
759,paid
760,free
761,free
762,free
763,free
764,paid
765,free
766,paid
767,free
768,paid
769,free
770,free
771,free
772,free
773,free
774,free
775,free
776,paid
777,paid
778,free
779,free
780,paid
781,free
782,free
783,free
784,paid
785,paid
786,free
787,paid
788,free
789,paid
790,paid
791,paid
792,free
793,free
794,paid
795,paid
796,free
797,free
798,paid
799,paid
800,free
801,free
802,free
803,paid
804,paid
805,paid
806,free
807,free
808,paid
809,free
810,free
811,free
812,paid
813,free
814,paid
815,paid
816,paid
817,paid
818,free
819,free
820,paid
821,paid
822,free
823,paid
824,paid
825,free
826,paid
827,free
828,paid
829,paid
830,paid
831,free
832,paid
833,free
834,paid
835,free
836,paid
837,paid
838,paid
839,free
840,paid
841,paid
842,free
843,free
844,free
845,paid
846,paid
847,paid
848,paid
849,free
850,free
851,free
852,paid
853,paid
854,free
855,free
856,free
857,free
858,paid
859,free
860,free
861,paid
862,free
863,paid
864,paid
865,paid
866,free
867,paid
868,free
869,paid
870,paid
871,paid
872,free
873,paid
874,free
875,paid
876,free
877,free
878,paid
879,paid
880,free
881,free
882,free
883,free
884,paid
885,free
886,free
887,free
888,free
889,paid
890,paid
891,paid
892,free
893,free
894,free
895,paid
896,free
897,free
898,paid
899,paid
900,free
901,free
902,free
903,paid
904,free
905,free
906,free
907,free
908,paid
909,paid
910,paid
911,paid
912,paid
913,free
914,paid
915,paid
916,paid
917,paid
918,free
919,paid
920,free
921,paid
922,paid
923,paid
924,paid
925,free
926,free
927,paid
928,paid
929,free
930,paid
931,free
932,free
933,paid
934,free
935,free
936,paid
937,free
938,paid
939,paid
940,paid
941,free
942,paid
943,paid
944,paid
945,free
946,free
947,paid
948,free
949,paid
950,free
951,free
952,free
953,paid
954,paid
955,free
956,free
957,paid
958,paid
959,free
960,paid
961,free
962,free
963,free
964,free
965,paid
966,free
967,paid
968,paid
969,free
970,free
971,free
972,paid
973,free
974,free
975,paid
976,paid
977,paid
978,free
979,free
980,paid
981,free
982,paid
983,free
984,paid
985,free
986,paid
987,paid
988,free
989,free
990,free
991,free
992,free
993,paid
994,paid
995,free
996,free
997,free
998,free
999,paid
1000,free