id,title,week_id
1,Waste management officer,979
2,Pathologist,187
3,"Radiographer, diagnostic",625
4,Clinical biochemist,418
5,Diagnostic radiographer,993
6,Actuary,844
7,Advertising account planner,588
8,Chemical engineer,294
9,Field trials officer,252
10,"Engineer, control and instrumentation",140
11,"Geologist, engineering",69
12,"Engineer, maintenance",50
13,Ophthalmologist,793
14,Police officer,249
15,Psychotherapist,770
16,"Psychologist, sport and exercise",708
17,Dancer,556
18,Ergonomist,365
19,Materials engineer,722
20,IT consultant,56
21,Health visitor,899
22,Comptroller,675
23,Medical secretary,632
24,"Therapist, drama",653
25,Hydrographic surveyor,713
26,Adult guidance worker,35
27,Control and instrumentation engineer,107
28,Insurance risk surveyor,180
29,Exercise physiologist,950
30,Bookseller,110
31,Information officer,687
32,Network engineer,636
33,Surgeon,625
34,Fast food restaurant manager,830
35,Chartered accountant,584
36,Materials engineer,10
37,Event organiser,839
38,"Designer, interior/spatial",457
39,Architectural technologist,607
40,Corporate investment banker,325
41,"Engineer, building services",282
42,Passenger transport manager,872
43,Midwife,942
44,Insurance underwriter,939
45,Data scientist,839
46,"Programme researcher, broadcasting/film/video",872
47,Industrial/product designer,466
48,Geophysical data processor,444
49,Information systems manager,259
50,"Producer, radio",135
51,Catering manager,644
52,Building services engineer,961
53,Psychiatric nurse,951
54,Chartered management accountant,325
55,Medical illustrator,556
56,Geophysical data processor,660
57,Secondary school teacher,605
58,Medical laboratory scientific officer,75
59,Media planner,699
60,Special educational needs teacher,46
61,Community pharmacist,674
62,"Librarian, public",269
63,"Therapist, art",242
64,Primary school teacher,341
65,Music tutor,581
66,"Teacher, primary school",763
67,Administrator,125
68,"Scientist, research (medical)",301
69,"Copywriter, advertising",762
70,Arboriculturist,856
71,Actuary,611
72,IT trainer,328
73,"Psychologist, occupational",132
74,Nutritional therapist,881
75,"Surveyor, building control",397
76,Analytical chemist,878
77,"Engineer, automotive",661
78,Advice worker,926
79,Chartered public finance accountant,742
80,Dispensing optician,23
81,Translator,957
82,Careers adviser,70
83,"Engineer, civil (contracting)",138
84,Physiological scientist,62
85,"Development worker, international aid",815
86,Aeronautical engineer,715
87,Corporate investment banker,455
88,Press photographer,956
89,"Engineer, civil (contracting)",260
90,"Teacher, secondary school",378
91,Building services engineer,825
92,Chemical engineer,680
93,Database administrator,9
94,Product manager,6
95,Economist,396
96,"Civil engineer, contracting",415
97,"Engineer, electrical",674
98,"Engineer, energy",18
99,"Conservator, museum/gallery",101
100,Chartered loss adjuster,993
101,Intelligence analyst,740
102,"Surveyor, building",21
103,Dispensing optician,278
104,"Scientist, audiological",660
105,Lawyer,465
106,"Copywriter, advertising",221
107,Passenger transport manager,497
108,"Designer, blown glass/stained glass",787
109,"Physicist, medical",61
110,Records manager,467
111,Games developer,31
112,Management consultant,626
113,Biomedical scientist,127
114,Museum/gallery exhibitions officer,219
115,Human resources officer,937
116,Public relations officer,890
117,"Research officer, political party",737
118,"Psychologist, occupational",984
119,Mechanical engineer,448
120,"Designer, textile",130
121,Diplomatic Services operational officer,940
122,"Exhibitions officer, museum/gallery",539
123,Early years teacher,159
124,Land,744
125,Operations geologist,593
126,Paediatric nurse,748
127,Environmental health practitioner,567
128,"Geologist, engineering",34
129,Call centre manager,512
130,Licensed conveyancer,418
131,Community development worker,974
132,Structural engineer,273
133,Merchant navy officer,219
134,Arts administrator,677
135,"Programmer, systems",505
136,Legal secretary,696
137,Theme park manager,511
138,Make,156
139,Surgeon,217
140,Geochemist,898
141,Orthoptist,610
142,Industrial buyer,402
143,"Surveyor, hydrographic",318
144,"Engineer, land",153
145,Acupuncturist,380
146,Lobbyist,694
147,"Engineer, materials",572
148,Sales promotion account executive,579
149,"Engineer, civil (consulting)",591
150,Furniture conservator/restorer,762
151,Purchasing manager,836
152,Licensed conveyancer,330
153,Land,645
154,Investment analyst,106
155,Health service manager,763
156,Psychiatrist,831
157,Haematologist,341
158,Learning mentor,667
159,Chiropodist,625
160,Community arts worker,267
161,Risk manager,571
162,Animal nutritionist,733
163,Early years teacher,810
164,Occupational hygienist,145
165,Social worker,130
166,Theatre manager,956
167,"Psychologist, sport and exercise",552
168,Forest/woodland manager,10
169,"Designer, blown glass/stained glass",274
170,Chief Operating Officer,263
171,"Programmer, systems",650
172,"Development worker, international aid",839
173,Facilities manager,872
174,Hospital doctor,691
175,Housing manager/officer,926
176,Forensic psychologist,685
177,Dietitian,772
178,Multimedia specialist,946
179,"Designer, interior/spatial",867
180,Intelligence analyst,134
181,Advertising account executive,258
182,Museum/gallery curator,587
183,Health service manager,72
184,Biomedical scientist,859
185,Retail merchandiser,775
186,"Education officer, museum",747
187,Plant breeder/geneticist,149
188,"Psychologist, sport and exercise",496
189,Architect,474
190,Insurance risk surveyor,69
191,Nutritional therapist,736
192,Higher education careers adviser,616
193,Health service manager,41
194,Insurance risk surveyor,36
195,Colour technologist,820
196,"Conservator, furniture",427
197,"Engineer, site",734
198,"Buyer, retail",593
199,Site engineer,550
200,Warden/ranger,876
201,"Engineer, electronics",553
202,Soil scientist,952
203,Corporate treasurer,620
204,Transport planner,816
205,"Designer, exhibition/display",547
206,Contracting civil engineer,482
207,"Producer, radio",242
208,Clinical psychologist,254
209,"Psychologist, prison and probation services",336
210,"Research officer, government",309
211,"Surveyor, minerals",647
212,"Development worker, community",709
213,Photographer,362
214,Chief Technology Officer,142
215,"Psychologist, counselling",615
216,"Nurse, children's",857
217,Chief Technology Officer,729
218,Patent examiner,910
219,Medical sales representative,48
220,Water engineer,647
221,Company secretary,79
222,Research scientist (life sciences),193
223,Tax adviser,380
224,Cabin crew,170
225,"Surveyor, hydrographic",309
226,"Therapist, art",976
227,"Psychologist, occupational",675
228,Civil Service fast streamer,943
229,Clinical psychologist,690
230,"Surveyor, mining",157
231,Fish farm manager,548
232,Herpetologist,534
233,"Psychologist, prison and probation services",343
234,Community education officer,106
235,"Engineer, materials",349
236,Clinical research associate,751
237,Press sub,384
238,"Lecturer, higher education",618
239,"Engineer, civil (contracting)",463
240,"Editor, magazine features",361
241,Chief Financial Officer,138
242,"Designer, exhibition/display",259
243,"Scientist, research (life sciences)",670
244,Insurance risk surveyor,11
245,"Designer, ceramics/pottery",136
246,Event organiser,870
247,"Librarian, public",17
248,"Designer, furniture",208
249,Furniture designer,272
250,"Nurse, children's",873
251,Environmental consultant,469
252,Legal executive,172
253,Land,21
254,"Scientist, research (life sciences)",438
255,"Engineer, maintenance",659
256,Press photographer,549
257,Chief Operating Officer,658
258,Geophysical data processor,704
259,Copy,407
260,Oceanographer,952
261,Secretary/administrator,627
262,Event organiser,181
263,Hydrologist,94
264,"Teacher, early years/pre",361
265,Insurance account manager,39
266,"Producer, radio",1000
267,Chartered certified accountant,97
268,Orthoptist,736
269,"Designer, ceramics/pottery",970
270,"Designer, fashion/clothing",239
271,"Solicitor, Scotland",193
272,Health and safety adviser,468
273,Computer games developer,19
274,Probation officer,702
275,Electrical engineer,914
276,General practice doctor,180
277,Industrial buyer,32
278,Publishing copy,181
279,Insurance broker,881
280,TEFL teacher,557
281,Information systems manager,362
282,"Librarian, public",749
283,"Surveyor, commercial/residential",582
284,Accommodation manager,285
285,Call centre manager,73
286,Geoscientist,920
287,Sports development officer,953
288,Water quality scientist,890
289,Probation officer,477
290,Artist,316
291,Museum/gallery exhibitions officer,990
292,IT trainer,508
293,English as a foreign language teacher,874
294,"Embryologist, clinical",466
295,Optometrist,502
296,Corporate treasurer,933
297,Technical sales engineer,926
298,Industrial/product designer,130
299,"Civil engineer, contracting",336
300,Drilling engineer,571
301,Hospital doctor,911
302,Health and safety adviser,514
303,Plant breeder/geneticist,167
304,Phytotherapist,163
305,Acupuncturist,563
306,"Therapist, sports",386
307,Insurance risk surveyor,592
308,Geophysical data processor,99
309,Probation officer,638
310,"Investment banker, corporate",891
311,Farm manager,843
312,Chartered accountant,328
313,Public house manager,941
314,"Designer, jewellery",323
315,Osteopath,687
316,Water engineer,620
317,Dramatherapist,69
318,Archaeologist,647
319,"Producer, television/film/video",634
320,Aeronautical engineer,162
321,"Engineer, aeronautical",69
322,Meteorologist,139
323,Fitness centre manager,183
324,Music tutor,602
325,"Physicist, medical",449
326,Community pharmacist,87
327,"Horticulturist, amenity",214
328,Occupational psychologist,451
329,Catering manager,873
330,"Engineer, mining",554
331,Nutritional therapist,524
332,Associate Professor,814
333,Microbiologist,302
334,"Engineer, technical sales",577
335,Clinical molecular geneticist,597
336,"Administrator, charities/voluntary organisations",745
337,Barrister,579
338,Curator,265
339,Homeopath,347
340,"Psychologist, educational",311
341,Waste management officer,193
342,Public relations officer,904
343,"Scientist, water quality",407
344,"Psychologist, counselling",451
345,Statistician,402
346,Audiological scientist,48
347,Audiological scientist,682
348,"Lecturer, higher education",220
349,"Therapist, occupational",425
350,Environmental health practitioner,583
351,Education administrator,375
352,Horticultural consultant,696
353,Public house manager,757
354,Engineering geologist,929
355,Artist,781
356,Therapeutic radiographer,849
357,"Scientist, biomedical",269
358,Sub,837
359,Maintenance engineer,6
360,"Surveyor, planning and development",138
361,Pensions consultant,689
362,Air cabin crew,699
363,"Accountant, chartered management",879
364,"Radiographer, diagnostic",796
365,Paediatric nurse,555
366,IT trainer,184
367,Meteorologist,11
368,Community education officer,727
369,Professor Emeritus,147
370,Radiation protection practitioner,921
371,Medical technical officer,894
372,Travel agency manager,290
373,Horticultural consultant,864
374,"Accountant, chartered",211
375,"Doctor, general practice",912
376,Local government officer,269
377,General practice doctor,270
378,Toxicologist,302
379,"Engineer, energy",405
380,"Therapist, art",823
381,"Geneticist, molecular",435
382,Biomedical scientist,697
383,Careers adviser,69
384,Careers adviser,524
385,Barista,139
386,Actuary,227
387,Town planner,79
388,Adult nurse,573
389,Cytogeneticist,511
390,"Editor, film/video",897
391,Travel agency manager,721
392,Theatre director,274
393,Trade union research officer,949
394,Furniture conservator/restorer,38
395,Television camera operator,610
396,Museum/gallery conservator,637
397,Learning disability nurse,970
398,"Surveyor, building control",377
399,Cartographer,39
400,Social researcher,168
401,Technical sales engineer,406
402,Chartered legal executive (England and Wales),925
403,Advertising copywriter,405
404,"Engineer, water",846
405,Proofreader,547
406,Public librarian,362
407,Fish farm manager,131
408,Camera operator,523
409,Phytotherapist,449
410,Prison officer,110
411,Commercial/residential surveyor,12
412,Passenger transport manager,489
413,"Conservation officer, historic buildings",846
414,Legal executive,212
415,"Psychologist, prison and probation services",999
416,Outdoor activities/education manager,18
417,"Administrator, arts",755
418,Insurance account manager,864
419,Armed forces technical officer,485
420,Proofreader,421
421,Clinical research associate,614
422,Counselling psychologist,497
423,Associate Professor,569
424,Acupuncturist,475
425,Print production planner,358
426,Office manager,600
427,"Development worker, international aid",287
428,Multimedia specialist,948
429,"Therapist, drama",754
430,Medical secretary,78
431,Farm manager,3
432,Pensions consultant,707
433,"Embryologist, clinical",145
434,Contractor,504
435,Meteorologist,664
436,"Scientist, research (medical)",872
437,Television camera operator,369
438,Adult guidance worker,795
439,Tax inspector,141
440,Radio broadcast assistant,669
441,Quality manager,57
442,Community education officer,630
443,"Production designer, theatre/television/film",691
444,"Nurse, learning disability",268
445,Location manager,205
446,Sports therapist,647
447,Health and safety adviser,330
448,Structural engineer,54
449,Chartered legal executive (England and Wales),926
450,Accounting technician,239
451,Secretary/administrator,875
452,"Administrator, sports",86
453,Nature conservation officer,83
454,Cabin crew,137
455,Counselling psychologist,706
456,"Production designer, theatre/television/film",321
457,"Engineer, site",511
458,Community pharmacist,295
459,Animal technologist,268
460,Medical physicist,676
461,Financial controller,188
462,"Designer, interior/spatial",437
463,"Programmer, systems",492
464,"Producer, television/film/video",400
465,General practice doctor,276
466,"Therapist, nutritional",938
467,Building control surveyor,7
468,Pension scheme manager,158
469,"Designer, furniture",837
470,Armed forces technical officer,287
471,"Merchandiser, retail",179
472,Homeopath,791
473,Counsellor,41
474,English as a foreign language teacher,648
475,Best boy,463
476,Financial adviser,874
477,Theme park manager,402
478,"Accountant, chartered management",210
479,"Programmer, applications",201
480,"Psychotherapist, child",763
481,"Surveyor, building",662
482,"Civil engineer, consulting",788
483,Retail banker,626
484,"Nurse, adult",899
485,Systems developer,457
486,Diplomatic Services operational officer,237
487,Illustrator,865
488,Paediatric nurse,115
489,Quality manager,328
490,Brewing technologist,511
491,"Designer, fashion/clothing",606
492,"Designer, exhibition/display",419
493,Science writer,139
494,Biomedical scientist,497
495,"Clinical scientist, histocompatibility and immunogenetics",59
496,Fitness centre manager,297
497,Diplomatic Services operational officer,437
498,Production engineer,550
499,"Engineer, technical sales",633
500,"Restaurant manager, fast food",309
501,Stage manager,846
502,"Scientist, product/process development",535
503,Licensed conveyancer,216
504,Sports coach,56
505,Amenity horticulturist,240
506,Financial planner,798
507,Health promotion specialist,467
508,"Geologist, wellsite",838
509,Legal secretary,466
510,Investment analyst,535
511,Medical physicist,849
512,Medical secretary,177
513,Barrister,487
514,Tax inspector,335
515,"Production assistant, radio",112
516,"Embryologist, clinical",23
517,Research scientist (physical sciences),433
518,International aid/development worker,774
519,"Clinical scientist, histocompatibility and immunogenetics",721
520,"Engineer, aeronautical",629
521,Automotive engineer,766
522,"Research officer, trade union",225
523,"Nurse, adult",461
524,Company secretary,941
525,Museum/gallery conservator,816
526,Hospital doctor,172
527,"Sound technician, broadcasting/film/video",209
528,"Research officer, trade union",467
529,Building surveyor,64
530,Drilling engineer,257
531,"Journalist, magazine",877
532,Tour manager,110
533,Publishing rights manager,245
534,Astronomer,518
535,Clinical embryologist,743
536,Volunteer coordinator,317
537,Ranger/warden,743
538,Print production planner,294
539,"Geneticist, molecular",877
540,Ship broker,985
541,Curator,21
542,"Teacher, special educational needs",616
543,Advertising account planner,140
544,Dietitian,255
545,Waste management officer,462
546,Community education officer,861
547,Broadcast presenter,373
548,Printmaker,410
549,Press photographer,775
550,"Engineer, energy",303
551,"Engineer, manufacturing",77
552,Nutritional therapist,840
553,Equities trader,754
554,Tree surgeon,573
555,Research scientist (maths),314
556,Ranger/warden,827
557,Hospital pharmacist,405
558,Data processing manager,801
559,Illustrator,498
560,Barrister,824
561,Call centre manager,817
562,Waste management officer,910
563,"Journalist, magazine",75
564,Travel agency manager,211
565,Amenity horticulturist,281
566,Technical sales engineer,43
567,"Scientist, marine",12
568,Photographer,623
569,Call centre manager,636
570,"Engineer, site",55
571,Cytogeneticist,596
572,Speech and language therapist,688
573,Magazine features editor,626
574,Herbalist,449
575,Environmental consultant,857
576,"Horticulturist, amenity",582
577,Agricultural consultant,269
578,Printmaker,811
579,Production engineer,539
580,Immunologist,211
581,"Secretary, company",124
582,Air broker,290
583,Marketing executive,52
584,Personal assistant,391
585,Chief Technology Officer,393
586,"Conservation officer, historic buildings",962
587,Chemical engineer,17
588,Event organiser,629
589,"Nurse, children's",71
590,Medical physicist,723
591,Clinical psychologist,711
592,Firefighter,202
593,Hydrologist,299
594,Clinical cytogeneticist,402
595,Physiotherapist,826
596,"Administrator, education",208
597,Counselling psychologist,816
598,"Production designer, theatre/television/film",490
599,Sports therapist,42
600,Land,230
601,Chief Marketing Officer,599
602,Hydrogeologist,824
603,"Engineer, maintenance (IT)",599
604,Geophysicist/field seismologist,470
605,"Engineer, biomedical",483
606,Television floor manager,142
607,Field seismologist,617
608,English as a second language teacher,77
609,"Psychologist, forensic",750
610,Air traffic controller,919
611,Careers information officer,709
612,Multimedia specialist,8
613,Armed forces training and education officer,734
614,"Scientist, product/process development",489
615,Hospital pharmacist,189
616,"Research officer, government",450
617,Chartered certified accountant,994
618,Energy engineer,832
619,Meteorologist,750
620,"Surveyor, planning and development",760
621,Medical physicist,647
622,"Horticulturist, commercial",404
623,Pensions consultant,843
624,Water engineer,808
625,Translator,399
626,Ophthalmologist,346
627,Logistics and distribution manager,326
628,Press photographer,841
629,Meteorologist,313
630,Lawyer,266
631,Hydrographic surveyor,927
632,Veterinary surgeon,451
633,Charity fundraiser,155
634,"Conservator, furniture",82
635,Arts development officer,606
636,Chartered loss adjuster,657
637,Conference centre manager,186
638,"Scientist, product/process development",601
639,"Engineer, energy",81
640,Multimedia specialist,348
641,Fine artist,785
642,"Therapist, drama",851
643,Archivist,369
644,"Buyer, retail",593
645,Data processing manager,164
646,"Engineer, biomedical",371
647,Plant breeder/geneticist,23
648,Interpreter,200
649,Legal secretary,155
650,"Engineer, maintenance (IT)",843
651,"Psychologist, counselling",744
652,Social researcher,226
653,Video editor,90
654,"Secretary, company",93
655,Operations geologist,69
656,Biomedical engineer,195
657,Systems developer,953
658,"Geologist, engineering",590
659,Community education officer,534
660,Market researcher,436
661,Quality manager,870
662,Government social research officer,808
663,Manufacturing engineer,160
664,"Lecturer, further education",670
665,Insurance broker,532
666,"Administrator, arts",731
667,Theatre manager,720
668,Database administrator,894
669,"Doctor, hospital",731
670,Facilities manager,641
671,Ship broker,56
672,Pathologist,562
673,Press sub,91
674,Insurance underwriter,39
675,Audiological scientist,242
676,Intelligence analyst,963
677,Passenger transport manager,875
678,Corporate investment banker,659
679,Mental health nurse,540
680,"Conservation officer, nature",27
681,Cartographer,142
682,Theatre director,182
683,Archaeologist,419
684,Civil Service administrator,390
685,"Production assistant, television",731
686,"Teacher, adult education",168
687,Merchant navy officer,395
688,Stage manager,574
689,Accommodation manager,488
690,"Civil engineer, contracting",248
691,Sales promotion account executive,78
692,Office manager,305
693,Professor Emeritus,105
694,Chief Executive Officer,725
695,"Therapist, occupational",230
696,Metallurgist,871
697,Tour manager,353
698,"Secretary, company",827
699,Freight forwarder,656
700,Patent examiner,550
701,Risk manager,253
702,Clinical psychologist,984
703,"Scientist, research (life sciences)",157
704,Armed forces operational officer,896
705,Chief Financial Officer,170
706,Pathologist,910
707,Wellsite geologist,91
708,"Engineer, maintenance",119
709,Transport planner,613
710,"Investment banker, operational",278
711,Public affairs consultant,744
712,Mechanical engineer,449
713,Osteopath,634
714,Educational psychologist,657
715,"Accountant, chartered management",323
716,Advertising copywriter,26
717,"Surveyor, quantity",762
718,Adult guidance worker,900
719,Public relations officer,986
720,International aid/development worker,249
721,"Presenter, broadcasting",827
722,Media planner,354
723,Editorial assistant,476
724,Land,752
725,Fine artist,471
726,"Engineer, agricultural",850
727,Industrial/product designer,998
728,"Surveyor, mining",316
729,Senior tax professional/tax inspector,274
730,Retail merchandiser,357
731,"Surveyor, rural practice",116
732,Learning disability nurse,533
733,Police officer,269
734,"Scientist, research (maths)",631
735,Insurance underwriter,445
736,Herpetologist,506
737,Tourism officer,414
738,Editorial assistant,552
739,Minerals surveyor,743
740,Television camera operator,748
741,Special educational needs teacher,485
742,"Psychologist, clinical",492
743,Marine scientist,207
744,Accounting technician,491
745,Investment analyst,721
746,"Psychotherapist, dance movement",795
747,"Teacher, early years/pre",748
748,Financial planner,917
749,Financial manager,179
750,Customer service manager,994
751,"Psychologist, forensic",623
752,"Scientist, research (maths)",575
753,"Engineer, control and instrumentation",821
754,Minerals surveyor,147
755,Quarry manager,932
756,"Pharmacist, community",24
757,"Journalist, broadcasting",677
758,Archaeologist,894
759,Hospital doctor,94
760,Chartered certified accountant,765
761,Dietitian,714
762,"Journalist, broadcasting",653
763,Corporate investment banker,931
764,"Nurse, mental health",642
765,"Doctor, general practice",674
766,"Accountant, chartered",907
767,Chiropractor,755
768,"Scientist, audiological",3
769,IT consultant,697
770,"Librarian, academic",766
771,Network engineer,992
772,Lawyer,514
773,Chief Marketing Officer,584
774,IT consultant,191
775,"Therapist, sports",671
776,Scientific laboratory technician,383
777,Learning mentor,645
778,Systems analyst,559
779,Hydrographic surveyor,172
780,Air traffic controller,862
781,Records manager,670
782,"Designer, furniture",126
783,Therapeutic radiographer,587
784,Risk analyst,64
785,Magazine features editor,372
786,Systems analyst,278
787,Chartered legal executive (England and Wales),285
788,Town planner,199
789,"Embryologist, clinical",420
790,Psychiatric nurse,362
791,"Engineer, technical sales",860
792,Printmaker,431
793,"Engineer, production",765
794,Automotive engineer,801
795,Wellsite geologist,173
796,Museum/gallery exhibitions officer,137
797,"Teacher, music",371
798,Conference centre manager,499
799,Advertising copywriter,467
800,"Geologist, wellsite",379
801,Medical physicist,971
802,Multimedia specialist,196
803,Materials engineer,644
804,Arts development officer,440
805,Art gallery manager,920
806,"Engineer, manufacturing",574
807,Equities trader,487
808,Radio producer,930
809,Financial manager,115
810,Printmaker,852
811,Museum education officer,840
812,Radio broadcast assistant,362
813,Advice worker,394
814,Leisure centre manager,4
815,"Therapist, nutritional",258
816,"Editor, commissioning",880
817,Youth worker,595
818,Science writer,450
819,Astronomer,485
820,Retail manager,617
821,Theatre director,742
822,"Surveyor, rural practice",221
823,Fashion designer,204
824,Biomedical engineer,920
825,"Editor, film/video",958
826,Primary school teacher,980
827,"Copywriter, advertising",663
828,Agricultural engineer,196
829,Marketing executive,815
830,Learning mentor,187
831,Air broker,818
832,"Therapist, drama",100
833,"Administrator, education",679
834,"Designer, jewellery",379
835,Sports coach,954
836,"Therapist, music",204
837,"Designer, jewellery",601
838,Human resources officer,571
839,Physiological scientist,172
840,Media planner,499
841,Legal executive,295
842,Fitness centre manager,695
843,"Education officer, community",648
844,"Engineer, water",98
845,English as a second language teacher,142
846,Financial planner,175
847,Company secretary,196
848,Contractor,188
849,Radio producer,202
850,"Engineer, broadcasting (operations)",876
851,Paramedic,996
852,Visual merchandiser,17
853,"Presenter, broadcasting",237
854,Optometrist,40
855,Chartered certified accountant,951
856,Food technologist,39
857,"Engineer, civil (consulting)",675
858,Medical sales representative,671
859,IT technical support officer,487
860,Chief Strategy Officer,357
861,Sport and exercise psychologist,626
862,Financial planner,752
863,Armed forces training and education officer,569
864,Radiation protection practitioner,788
865,Museum education officer,751
866,"Designer, multimedia",614
867,Control and instrumentation engineer,835
868,Financial planner,460
869,Warehouse manager,299
870,Patent examiner,670
871,Industrial/product designer,548
872,Furniture conservator/restorer,306
873,"Surveyor, building control",46
874,Private music teacher,193
875,"Designer, graphic",277
876,"Engineer, agricultural",109
877,Lobbyist,232
878,Fisheries officer,295
879,Television/film/video producer,506
880,"Pharmacist, community",198
881,Risk analyst,127
882,Sport and exercise psychologist,87
883,Charity fundraiser,986
884,Farm manager,958
885,Air cabin crew,370
886,Health and safety adviser,536
887,"Designer, fashion/clothing",694
888,Clinical psychologist,185
889,"Programmer, applications",153
890,Forest/woodland manager,938
891,Contracting civil engineer,454
892,"Designer, exhibition/display",73
893,Proofreader,97
894,Textile designer,725
895,Emergency planning/management officer,726
896,Osteopath,667
897,Insurance claims handler,897
898,Musician,523
899,Soil scientist,272
900,Insurance broker,656
901,"Editor, commissioning",42
902,Higher education careers adviser,952
903,Multimedia specialist,992
904,Civil Service administrator,726
905,"Engineer, electronics",606
906,Agricultural consultant,596
907,Arts development officer,108
908,"Lecturer, higher education",156
909,Neurosurgeon,378
910,"Doctor, hospital",486
911,Advertising account executive,394
912,Rural practice surveyor,502
913,"Teacher, English as a foreign language",467
914,Water quality scientist,155
915,"Engineer, manufacturing",774
916,Quantity surveyor,245
917,"Psychologist, prison and probation services",721
918,Medical secretary,693
919,Jewellery designer,776
920,Barrister,775
921,Geophysical data processor,769
922,Industrial/product designer,883
923,Merchant navy officer,697
924,Insurance risk surveyor,248
925,Armed forces training and education officer,893
926,Systems analyst,702
927,Transport planner,778
928,"Development worker, community",116
929,Private music teacher,95
930,Community development worker,102
931,Police officer,226
932,Special educational needs teacher,756
933,Patent attorney,460
934,Air broker,885
935,Archaeologist,966
936,"Scientist, marine",584
937,Adult nurse,699
938,Clinical psychologist,369
939,Herpetologist,563
940,Engineering geologist,487
941,Community education officer,553
942,Chemical engineer,494
943,Fitness centre manager,972
944,Armed forces technical officer,967
945,Physiological scientist,352
946,Art gallery manager,409
947,"Scientist, research (maths)",521
948,Bonds trader,424
949,Teaching laboratory technician,668
950,Land/geomatics surveyor,421
951,Diplomatic Services operational officer,949
952,Press sub,502
953,"Development worker, community",628
954,"Engineer, structural",509
955,Hotel manager,164
956,Retail merchandiser,695
957,Midwife,907
958,Paramedic,587
959,"Scientist, marine",505
960,Risk manager,422
961,Sports development officer,663
962,"Nurse, adult",516
963,Environmental manager,382
964,Optometrist,885
965,Meteorologist,863
966,Textile designer,137
967,Commissioning editor,967
968,Biomedical scientist,664
969,"Psychologist, forensic",418
970,Nature conservation officer,714
971,Amenity horticulturist,147
972,"Production assistant, television",147
973,Structural engineer,664
974,Personal assistant,761
975,"Psychologist, sport and exercise",646
976,"Surveyor, building",261
977,Engineering geologist,446
978,"Teacher, secondary school",33
979,Museum/gallery curator,617
980,"Scientist, research (physical sciences)",423
981,"Engineer, production",437
982,Advertising account executive,800
983,"Therapist, horticultural",501
984,"Surveyor, building control",472
985,"Programmer, systems",652
986,"Programmer, applications",834
987,"Producer, radio",453
988,Building control surveyor,913
989,"Designer, ceramics/pottery",449
990,Therapeutic radiographer,979
991,"Surveyor, rural practice",164
992,Restaurant manager,57
993,Trade mark attorney,933
994,"Engineer, electrical",931
995,"Production assistant, radio",22
996,Location manager,501
997,"Designer, exhibition/display",400
998,"Sound technician, broadcasting/film/video",558
999,Aid worker,352
1000,Sales executive,772