name,email
Felicia Kim,kelseygarcia@gmail.com
Cheryl Barnes,wmartin@yahoo.com
Karla Kaiser,sara33@hotmail.com
Casey Porter,monicarodriguez@gray.com
Margaret Hoffman,acevedokevin@gmail.com
Jeffrey Soto,castrojessica@aguirre.com
Kevin Robertson,austinhernandez@bauer.com
Becky Williams,maureen68@martinez.com
Richard Phillips,tiffany02@madden-wallace.com
Edward Solis,daltonellis@yahoo.com
Alexander Smith,ashleywilliams@wilcox-wright.com
Sandra Perkins,mitchell19@gmail.com
Taylor Smith,emilybailey@thompson-mccarty.com
Angela Hubbard,stephanieturner@gmail.com
James Duarte,ramirezkenneth@brooks-stevenson.com
Kendra Allen,daviskeith@moss.net
Jason Austin,amanda12@rogers.biz
Joanna Macias,mary35@yahoo.com
Joseph Oliver,johnsonbrittany@williams.com
Corey Garrison,stevensonandrea@yahoo.com
Joseph Suarez,stevensvincent@henry.com
Derrick Pena,kholmes@phillips.com
Mark Freeman,melinda26@cooper.com
Krista Gilbert,jerry05@gmail.com
Maria Maynard,douglaswhite@gmail.com
Danielle Pena,olevine@gmail.com
Dr. Brandon Peterson,brownjoseph@glover.com
James Hernandez,hmelton@hotmail.com
Mary Stewart,luiscompton@hotmail.com
Dominique Dean,normanscott@yahoo.com
Jason Taylor,christinalester@gmail.com
Kelly Middleton,wruiz@gmail.com
Stacy Vazquez,emilycohen@moore.org
Brandon Martin,danielle01@hotmail.com
Jonathan Shelton,summerdaniels@ross-mccoy.com
Daniel Bailey,nicholas67@hotmail.com
Diane Archer,blackjoseph@foster-schaefer.com
Rhonda King,david21@ingram.com
Toni Jackson,leah91@lewis.org
Michael Thomas,kbarr@padilla.com
Lisa Bowers,paul16@hotmail.com
Crystal Carroll,ysteele@long.com
Christopher Duncan,cpeterson@hotmail.com
Mary Edwards,anthony57@gmail.com
Emily Palmer,dennis38@yahoo.com
Mr. Jonathan Fox,petersondavid@gmail.com
Paula Smith,davidhester@wilson.net
Kimberly Ingram,erica19@blanchard.com
Tracie Austin,emorrison@poole.com
Theresa Phillips,joanwatkins@gmail.com
Matthew Johnson,wcrawford@avila.info
Michael Bowen,curtis46@king-howell.org
James Le,clinerodney@gmail.com
Erin Walton,kathy46@robinson.com
Omar Ross,matthewmills@hernandez.biz
Donald Browning,eric65@johnson.org
Paul Powers,shawn98@robinson.com
Julie Lopez,ylewis@hotmail.com
Jamie Villa,jillgross@moore.com
Robert Sanders,kelly97@mcguire.com
Hector Castro,zcummings@gmail.com
Brandy Paul,gonzalesjeffrey@carter.com
Kathy Peters,cynthiawashington@brown-jackson.com
Megan Crane,robert68@morris.biz
Amy Lee,novakshannon@harris-brown.org
Mr. Ralph Flores,angelica17@rogers-weaver.info
Brian House,mullenryan@davis.org
Dawn Myers,troynewton@gomez-newman.org
Lindsey Woodward,heidi27@mitchell.com
Dominique Alvarez,emilymcdaniel@watson.com
Arthur Thompson,rfrazier@hotmail.com
Mark Smith,fspencer@gmail.com
Karen Wright,mary47@yahoo.com
Jacob Rodriguez,hurleykeith@hotmail.com
Scott Matthews,piercescott@gmail.com
Anthony Carlson,lauramorgan@baxter.com
Troy Crawford,kim60@gmail.com
Rodney Daniels,lopezlisa@gmail.com
Kristine Moore,benjaminjohnson@hotmail.com
Misty Evans,andrewlong@gmail.com
Donald Brown,fgibson@hotmail.com
Tonya Rose,eschneider@gmail.com
William Sanders DDS,troygarcia@gmail.com
Briana Sherman,garyrodriguez@liu.info
Tyler Simpson,alewis@cox.com
Caleb Davis Jr.,kenneththompson@yahoo.com
Caleb Hayes,maria92@yahoo.com
Brian Stone,zbonilla@adkins.biz
Kenneth Johnson,rebekah04@clark-sawyer.info
Jillian Clark,angelagray@norman.biz
Yvonne Carrillo,ballardeduardo@yahoo.com
Julie Johnson,anthonygray@gmail.com
Cassandra Townsend,karenraymond@peterson.com
Michelle Moore,angelicafrank@hotmail.com
Angela Martinez,vbond@gilbert.com
James Spencer,ogutierrez@bass.info
Penny Meyer,monique71@yahoo.com
Christine Johnson,cmiller@hardin.com
Jessica Martin,debbie78@yahoo.com
Michael Maynard,jenniferharris@yahoo.com
Robert Cabrera,lisagonzalez@davis.com
Randy Hicks,hlucas@hotmail.com
James Giles,blairrachel@hotmail.com
Thomas Hunter,melissa35@gmail.com
James Thomas,brandondixon@haynes-schmidt.com
Brittany Johns,angelakeller@ray-torres.com
Ashley Anderson,rebecca24@yahoo.com
Karen Sanchez PhD,frankfoster@hotmail.com
Lori Hayes,ocooley@anderson.biz
Caitlin Taylor MD,thomas78@martinez.com
Michael Jones,stonechristina@yahoo.com
Ashley Shea,dannysanders@gmail.com
Warren Anthony,neilsummers@hotmail.com
George Nguyen,ashleyreed@yahoo.com
Robert Morton,tiffanybaker@hotmail.com
Jill Short,arianagarner@hotmail.com
Rhonda Jimenez,alexander38@gmail.com
Lisa Russell,william54@hotmail.com
Kayla Davis,millermeghan@alexander.com
Brittany Potter,pmann@hotmail.com
Jacqueline Lewis,sandra55@shepherd-harris.com
Kara Klein,ewoodard@yahoo.com
Justin Thomas,alvaradomatthew@peters.biz
Amanda Richards,fostercorey@hotmail.com
Traci Stewart,calhounsteven@pruitt-johnson.com
Monique Mendoza MD,walkerbrent@rodriguez-stone.com
Mia Rios,tleonard@franklin.com
Ashley Nelson,heather63@mcneil-lee.com
Earl Hebert,matthew35@yahoo.com
Steven Tanner,smithabigail@gmail.com
Dawn Garrison,wsoto@hotmail.com
Mary Li,jlarson@yahoo.com
Stacy Bennett,wattsfrank@larsen-weeks.com
Gregory Ryan,denise70@marshall.info
William Hernandez,dominguezerin@jones.com
Vincent Boyd,richardsonjennifer@gmail.com
Michael Russell,edwardbradley@hotmail.com
Matthew Avila,hlowe@stewart-weber.com
Cheryl Thornton,deborahsmith@scott-moore.org
Todd Hansen,rachelwashington@hotmail.com
Andrew Miller,hogandarlene@hotmail.com
Lisa Sanchez,sallen@jones.com
Ray Rogers,sarahknight@yahoo.com
Kenneth Stephenson,ramosrebecca@compton-davis.com
Stacy Suarez,lopeznicholas@soto-clark.com
Stephen Curtis,sherrynorman@hotmail.com
Michael Robles,whorn@yahoo.com
Mr. Kyle Brooks,rogersjose@brown-barrett.com
Kelsey Gordon,eric67@patton.com
Seth Nash,joseph55@gmail.com
David Callahan,anthony73@hotmail.com
Alexander Scott,wellsmiguel@gmail.com
Dominique Cole,walter42@yahoo.com
Adam Garcia,allen81@yahoo.com
Kim Wu,derekreed@jones.net
Jason Tate,josephalex@bennett.com
Melissa Rogers,higginswalter@garza.com
Kelly Sanchez,maria69@gonzalez.com
Julie Benton,smithnicolas@sharp.biz
Nicolas Howard,chad72@williamson.com
Michael Harris,michellereyes@hotmail.com
Brian Wilson,tammysolis@gmail.com
Alexa Ruiz,brenda26@burton-roberts.com
April Barrera,tbrown@gmail.com
Nicholas Murray,darrell29@gmail.com
Alison Ruiz,amber30@gmail.com
Janet Doyle,kathy58@frederick.biz
Leah Wilson,kyleibarra@hernandez-roach.com
Nicholas Murphy,abigailsmith@yahoo.com
Ian Garza,farmerjared@golden.org
Mr. Nicholas Fischer,danaalvarado@gmail.com
Cheryl Sanchez,kimberly44@gmail.com
Tim Barker,pamela36@gmail.com
Janet Walker,dodsonryan@gmail.com
Andrea Parker,rsullivan@anderson-morrow.com
Russell Miller,andersontommy@gmail.com
Anna Andrews,ashley19@doyle.biz
Christina Wilson,upena@yahoo.com
Raymond Woodard,elaine27@gmail.com
Samuel Conley,amy19@gmail.com
David Smith,jlambert@gmail.com
Charles Graham,fwatkins@yahoo.com
Jason Cobb,perrybrenda@norman.com
Megan Bautista,anna25@gmail.com
Bryan Grimes,ubrown@acosta.org
Robert Willis,eileen95@gmail.com
Richard Mills,jvillanueva@thomas-smith.org
Ryan Garrett Jr.,christinehughes@hernandez.com
Bradley Davis,brennanmorgan@hotmail.com
Diane Lee,imurray@yahoo.com
Peter Johnson,kjohnson@gmail.com
Larry Howard,robertsmith@schneider.com
Madeline Crawford,katielopez@gmail.com
Dylan Green,ismith@sullivan-farley.net
Matthew Parks,ble@yahoo.com
Taylor Carson,todd14@allison.com
William Ortega,sthornton@yahoo.com
Sara Roberts,brandon43@smith.info
Michelle Williams,gmarquez@hotmail.com
Elizabeth Douglas,calebramos@yahoo.com
Eric King,meganlloyd@brewer.biz
Erik Sanders,samantha60@rose-webb.net
Robert Jones,ruizjulie@gmail.com
Allison Mcdonald,claudia92@hotmail.com
Andrew Drake,bakertim@gutierrez-taylor.com
Dylan Moore,tracy75@peterson.org
Jonathan Lloyd,heatherchristian@chen-ortiz.net
Matthew Smith,michelle87@alexander.com
Nathan Anderson,davidreyes@yahoo.com
Stephanie Bennett,halldonald@hotmail.com
Rebecca Fuller,qfox@gmail.com
Linda Hall,kcooper@brown-boyd.com
Christy Holmes,stephanie80@gmail.com
Darius Owen,margaretharper@gmail.com
Jessica Archer,hillcourtney@gmail.com
Anna Richardson,matthewzavala@bautista.com
Bridget Miller,vasquezdenise@fowler.com
Arthur Johnson,yjackson@brandt.com
Nicholas Warner,barbarafoster@giles.com
Stephanie Manning,kimberlylogan@livingston.com
Steven Bullock,sandra71@carter-garcia.com
Jimmy King,dianameza@yahoo.com
Karen Mason,schwartzchristopher@hotmail.com
Ryan Santiago,prattharold@patel.com
Dr. Robert Villanueva,wilsonrebecca@hotmail.com
Greg Phillips,brett06@gmail.com
Bianca Anderson,jerrynorris@hotmail.com
Mr. Dean Jones,nmontgomery@duncan.com
Heather Patton,kmatthews@berry.com
Tiffany Thomas MD,channa@hotmail.com
Marie Payne,ericmyers@yahoo.com
Dennis Saunders,sarahfowler@yahoo.com
Stephanie Garcia,selenacoleman@wilson-williams.com
Heather Mcdonald,michael42@gmail.com
Ellen Wagner,jacksondeanna@powell.info
Jacqueline Jackson,williamskevin@hotmail.com
Courtney Richardson,douglasteresa@nguyen-snyder.com
Melissa Valenzuela,marshalltodd@smith-johnson.info
Glenn Wilson,lwhite@price.com
Susan Robinson,vargastimothy@colon.biz
Robert Carr,hamiltonkatelyn@gmail.com
Jason Wilson,ashley64@yahoo.com
Cameron Bolton,csmith@yahoo.com
Teresa Herrera,rsimmons@roberts-guerrero.com
Kayla Raymond,burkesamantha@hotmail.com
Brooke Jenkins,rebeccaburnett@gmail.com
William Daniels,apriltucker@hotmail.com
Jason Frank,lisadaniels@ross-rodriguez.org
Jennifer Garrett,elizabethevans@cooper-harper.com
Suzanne Wilson,lfigueroa@hotmail.com
Laura Turner,millskevin@yahoo.com
Lisa Crosby,sharonbarron@brewer-long.com
Erika Johnson,elizabeth55@yahoo.com
Terri Carr,cmorgan@brady.org
Seth Clark,tsellers@yahoo.com
Paul Jones,david34@henry-french.com
Michael Mitchell,dsutton@yahoo.com
Tamara Allen,samantha44@yahoo.com
Amanda Graves,fvillegas@rodriguez-perry.com
Patricia Davis,deborah28@hotmail.com
Michelle Mills,frazierderrick@hall.net
Christina Short,brandonsanchez@hotmail.com
Elizabeth Garza,martinjessica@hotmail.com
Amanda Brooks,gsmith@yahoo.com
Patricia Fisher,yreed@hill-rose.org
Stephanie Martinez,ericberry@yahoo.com
Phillip Fisher,bakerjeff@gmail.com
Jonathan Parker,jennifer10@gmail.com
Cody Jackson,jimmyperez@wade.com
Edward Johnson,upowers@gmail.com
Amanda Dillon,tcarlson@davis-dennis.com
Michael Cruz,marthabarrett@gmail.com
Robert Mcclain,taylorevans@wells.com
Albert Barnes,newmanrachel@hotmail.com
Glenn Parker,hicksedgar@gregory-acevedo.org
Anthony Sharp,telliott@hotmail.com
Brian Rodriguez,wyu@gardner.com
April Oconnor,cynthiawilson@moore-wall.biz
Debra Clark,jonesstephen@yahoo.com
Lauren Jennings,brenda96@reed.biz
Gerald Robinson,stephaniearmstrong@erickson.net
Alexis Reid,jschultz@hotmail.com
Thomas Davis,lkelly@brown-edwards.com
Jason Roman,adammorgan@gmail.com
Kenneth Walters,victoriatorres@hotmail.com
Jesse Bird,sheilacobb@page-harper.biz
Collin Glenn,millerbryan@allen-evans.com
Martin Ali,rebecca19@salinas.info
Jo Rodriguez,hernandezjulie@grant.com
Samantha Montgomery,dhale@david.net
Robin Johnson,andrea53@gmail.com
John Stanton,tracynelson@simmons.com
Melanie Vasquez,woodsamanda@gmail.com
Roger Scott,yjohnson@mathews.org
Jeffrey Landry,mary02@collins.net
Joshua Shelton,seanmcdowell@casey.com
Karen Wilson,christopherlee@harrison.com
James Brennan,mooremelissa@dillon.org
Stephanie Curtis,brandon08@james.com
Matthew Morgan,allendarius@hotmail.com
Amanda Smith,alexismorrow@hotmail.com
Joshua Love,rjohns@hotmail.com
Michelle Ramsey,tiffany48@gmail.com
James Whitney,kim80@gmail.com
Lauren Koch,vcollins@dixon.com
Randy Mckay II,andrew68@reyes.info
Travis Lawrence,lindsey29@myers.com
Lindsay Townsend,jennifersmith@hotmail.com
Sandra Turner,wroth@yahoo.com
Karen Morgan,adamhines@mcgee-kemp.org
Michelle Nichols,tony93@hotmail.com
Julie Mayer,vmcmillan@gmail.com
Paul Hart,lori01@weeks.info
Kelly Wagner,nathaniel78@simpson.net
Matthew Holmes MD,bmckee@holt.org
Barbara Lucero,melissa90@carr.biz
Dominique Cole,thomaskimberly@yahoo.com
Vanessa Mccall,heather39@hotmail.com
Michael Nichols,huntjacob@wilson-lindsey.org
Jordan Gutierrez,johnsonheidi@montgomery-leblanc.net
Patrick Baker,nicolesmith@gmail.com
Allen Gibbs,bonnieharrell@hansen.com
Dale Duarte,melissawilson@medina-williams.info
Mark Pruitt,nobletiffany@cox.com
Jessica Perkins,cassandracollins@hotmail.com
Hannah Carroll,thomasdaniels@day.com
Robert Zavala,allison90@hotmail.com
Vanessa Thomas,matthew73@webb.net
Joshua Cole,melanieoconnell@hotmail.com
Anthony Smith,orobinson@hotmail.com
Kristin Cortez,adamhodges@mayer-wilson.com
Christopher Hall,pking@lyons-peterson.com
Patrick Barker,kimberlyyu@gmail.com
Blake Rogers,gtorres@jackson-taylor.com
Jacqueline Farmer,wbrown@gmail.com
Joel Harris,mdickerson@johnson.org
Bryan Gonzalez,jnguyen@gardner.com
Juan Mccarthy,jacqueline93@thomas.com
Laurie Zimmerman,melissa48@yahoo.com
Mr. Cody Carlson,lwilliams@gmail.com
Gerald Thomas,jeffrey92@hotmail.com
Jillian Nelson,ashleymartin@hotmail.com
Angela Miller,elizabethcarroll@bowen.com
Jeffrey Wilson,hrussell@gmail.com
Maria Lopez,ngonzalez@richards-aguilar.com
Brittany Avila,johnsonsonya@kennedy-brown.com
Michael May,shouston@gmail.com
Kimberly Lam,alexander59@jackson-torres.com
Mary Mendoza,richardgonzalez@pearson.com
Tracy Hodge,tylerburke@hotmail.com
Elizabeth Johnson,michellewhitaker@gmail.com
Michelle Liu,tabithamclaughlin@palmer.info
Michael Davis,dylan77@hotmail.com
Zachary Branch,theodore30@hess.com
Derek Robinson,millsjennifer@mcdonald.com
Jose Russo,hensleyandrew@gardner.com
Brandi Smith,alexander31@yahoo.com
Danielle Houston,leah70@yahoo.com
Keith Page,cheryl52@guzman.biz
Amanda Johnson,daniel90@vaughan.info
Brittany Ortiz,stacy86@washington-rogers.com
Dale Finley,timothyfleming@yahoo.com
Bailey Sims,melissajohnson@gmail.com
Christine Patel DDS,pearsonyvonne@hotmail.com
Jason Lee,oliverjoseph@hotmail.com
Julia Wilkinson,dianerobinson@carey.com
Patricia Moses,david82@thomas-hanson.com
Kim Estrada,mcgrathaudrey@salazar.com
Joe Oconnor,aguilarnatasha@yahoo.com
Jennifer Manning,erika82@peters.com
Amanda Morrison,harrisangelica@gutierrez.com
Wayne Navarro,michael50@mcclain-mccarthy.org
Joseph Washington,danielwinters@crawford-potter.com
Greg Schroeder,whanson@hunter-delgado.info
Amy Gates,tammysherman@hotmail.com
Lisa Wilson,zjackson@yahoo.com
John Whitney,yevans@yahoo.com
Victoria Macias,pamela08@gmail.com
Meghan Hansen,ericriley@powers.net
Blake Cooper,dmcmahon@yahoo.com
Laura Anderson,jody63@rush-morris.net
Christopher Patterson,debra64@williams-floyd.biz
Cynthia Jenkins,chad83@ramsey.com
Daniel Mckinney,ybeck@gallagher-stone.com
Tracy Mitchell,alexismiller@gallegos.net
Sheila Thompson,emma62@silva.com
Andrew Williams,smithdaniel@jones.com
Stephen Rodriguez,taradavis@schwartz-murphy.info
Bradley Miller,greenanna@baker-sherman.com
Mitchell Walker,jessicahill@thornton.org
Laura Collier,jjohnson@yahoo.com
Jason Davis,kyle18@yahoo.com
Nicholas Evans,theresajordan@hernandez-johnson.net
Jacqueline Snyder,david31@yahoo.com
Yesenia Fisher,colemanrodney@hotmail.com
Aaron Beasley,davidsonsheila@yahoo.com
Adam Decker,rojassteven@yahoo.com
Catherine Bowman,mikayla61@gregory-serrano.info
Jennifer Tucker,pbuchanan@gmail.com
Keith Wilson,adamsamanda@bennett.com
Angela Davies,dphillips@yahoo.com
John Gonzalez,harristimothy@gmail.com
Nicholas Gonzalez,tyler73@hotmail.com
Samantha Aguilar,connerjennifer@hotmail.com
Joel Swanson,laurenkeith@hotmail.com
Courtney Carlson,carrillojeffrey@gmail.com
Wendy Diaz,robertenglish@gmail.com
Edwin Cole,andreamartinez@greene.com
Debbie Navarro MD,amanda22@hotmail.com
Jay Hughes,trevinomarie@yahoo.com
Katie Anderson,brownjamie@hotmail.com
Christopher Woods,liutyrone@hotmail.com
Patrick Gay,dukekevin@yahoo.com
Angela Brown,michaelfitzpatrick@hotmail.com
Maria Fernandez,paigesanchez@perez-butler.com
Miss Stephanie Cook,reyesalisha@flores.com
Carl Contreras,kevin16@yang.com
Tamara Valdez,murphyjohn@johnson.org
Jennifer Oconnor,jenniferreeves@hotmail.com
Robin Gray,jessejenkins@yahoo.com
Katherine Luna,philip89@foster.com
Raymond Robinson,laura75@wade.com
Christopher Gordon,jordanroach@gmail.com
Steven Rogers,audreyblack@henry-white.com
Michelle Flowers,diazlisa@yahoo.com
Kelly Hood,jay09@mitchell.org
Steven Crawford,tracyknapp@hotmail.com
Randy Kelley,dale85@barrera.com
Michelle Rodriguez,englishlindsey@hotmail.com
Jeff Martinez,shannon18@yahoo.com
Robert Lane,usmith@kent.info
Patrick Johnson,qvelez@webb.com
Justin Mclaughlin,ashley10@green-morrison.com
Brittney Harris,heather39@hall-thomas.org
William Cooper,banksmolly@gmail.com
Jessica Crawford,shelleyjones@perkins.com
Jesse Davis,courtney77@hotmail.com
James Lee,danahenderson@baker.net
Michael Davis,thorntonlaura@gmail.com
Dylan Reed,keithmartinez@gmail.com
Jill King,susantate@yahoo.com
Rebekah Davis DDS,gamblemichael@ward.org
Michael Lane,danielshelton@gmail.com
Kevin Marsh,hgriffin@brown.info
Raymond Henderson,rojasmisty@lopez-evans.net
Carl Green,williamsrichard@gross-meadows.com
Colleen Wilkinson,owarren@willis.net
Ian Bell,brownjoshua@gmail.com
Brent Peterson,tyler73@gmail.com
Scott Proctor,rodriguezjohn@anderson.com
Kathleen Evans MD,kristopher90@gmail.com
Melinda King,sloanangela@yahoo.com
Joseph Wilcox,dillon40@jenkins.net
Kathleen Peterson,greentrevor@hotmail.com
Benjamin Elliott,qsmall@peck.org
Ricky Johnson,ybowman@yahoo.com
Francis White,wmendez@tucker.net
Brooke Chen,poolejames@hotmail.com
Heather Cook,linda11@allen-conley.com
Cynthia Carrillo,gbowers@campbell.com
David Ayala,hday@gmail.com
Kevin Serrano,gina57@hotmail.com
Theresa Scott,william06@hotmail.com
Miranda Wolf,stefanie35@gmail.com
Lauren Richards,qdavis@miller-hogan.com
Ms. Danielle Dalton,birdmichaela@hotmail.com
Wesley Allen,rmcdaniel@patterson-jones.com
Jasmine Smith,wbennett@jordan.com
Todd Wiley,fhutchinson@hotmail.com
Wesley Evans,francisallen@harris.biz
Kevin Castillo,hlawson@smith-sharp.com
Mitchell Patton,charlesschmitt@hotmail.com
Cynthia Scott,rachelmcdaniel@yahoo.com
Rodney Griffith,melissacox@hotmail.com
Tina Brewer,johnsonelizabeth@ritter.net
Brian Mcdonald,brandonortiz@yahoo.com
Maria Brown,ryan36@bennett-webb.biz
Adrienne Watson,andersonrobert@montes-johnson.info
Edward Jackson,heatherbell@norton.net
Mr. Luis Ingram,bfoley@vasquez-salazar.com
Melvin Peterson,fergusonstephen@smith.net
Megan Jenkins,lisa61@wallace.com
Christopher Cook,colleendyer@evans-anderson.com
Matthew Thompson,cassidy37@alexander.com
Jamie Davis,simmonsjennifer@yahoo.com
Rebecca Gonzalez,smithannette@williams-watson.biz
Raven Collins,burkepatricia@yahoo.com
Jonathan Manning,tmercado@hotmail.com
Mr. Paul Berry,yharper@hotmail.com
Jason Watson DDS,kyle04@gmail.com
Tiffany Maddox,adamclark@hotmail.com
Stephanie Hernandez,nbrown@barnes.info
Vickie Gomez,lisa80@gmail.com
James Matthews,kristenlopez@yahoo.com
Kelly Cook,garciaglenn@bailey.com
Rebecca Turner,tpope@yu.com
Angela Martin,nathaniel44@contreras.com
Donald Jordan,ssummers@yahoo.com
Mark Wise,corey94@wade-cruz.com
Patrick Simpson,tjohnson@hotmail.com
Christopher Hernandez,michelle65@gmail.com
Peter Fletcher,denise51@yahoo.com
Lisa Taylor,janicewallace@gmail.com
Amy Hampton,yrubio@yahoo.com
Christopher Hurst,ymiller@simon.com
Carrie Adams,robertgarcia@chavez-wilson.com
Bryan Valentine,younggregory@gardner.com
Stacy Hansen,stephaniejohnson@brown-arnold.com
Michelle Henderson MD,pbowers@hill-sullivan.com
James Fuller,mathewlane@gonzalez.biz
William Turner,wwilliams@jimenez.biz
Katherine Weaver,yturner@gmail.com
Megan Ball,ywalker@yahoo.com
Natalie Patterson,james04@hotmail.com
Laura Neal,patrick76@hanna-harris.info
Stephen Mathis,carneykevin@kelly.biz
Heather Nunez,williamtorres@dyer-johnson.com
Renee Sanchez,wadejoseph@hotmail.com
Ronald Rogers,thomas68@yahoo.com
Mark Smith,dennis46@gmail.com
Melissa Evans,amy05@davis.info
Caroline Hughes,vicki43@cervantes.org
Douglas Neal,ywang@yahoo.com
Sally Little,millerjoanne@gmail.com
Annette Marsh,patrick67@townsend.biz
Jessica Ortega,amyvargas@yahoo.com
Jonathan Pearson,jamesruiz@yahoo.com
Gary Hart,bethany79@young.com
Tammy Moyer,stevensmatthew@watson.com
Kimberly Baker,jillpowers@hotmail.com
Jessica Fuller,jonathanreyes@russo.com
Rachel Bender,bford@gmail.com
Jeanne Daugherty,smithalbert@hotmail.com
Johnny Ward,danapace@martin.info
Miranda Gibbs,walterwilliam@harris.com
Jesse Christensen,sabrina07@cuevas-bowers.com
Joshua Bird,edwardhardin@garcia.com
Lauren Johnson,sethryan@rivera-melton.com
Michelle Berg,louisbrown@yahoo.com
Tamara Newman,john29@burch.com
Dustin Cardenas,petersonkristin@rogers.org
Valerie Khan,stacybennett@hays.info
William Watson DDS,stevendougherty@gmail.com
Ronald Mcneil,garzaharry@mcclain-brown.com
Chase West,karensmith@yahoo.com
Robert Alvarez,katherineryan@ford.com
Matthew Melton,vmatthews@bell.com
Cameron James,patriciajohnson@martinez.com
Natalie Andrews,sjackson@yahoo.com
Cheryl Morgan,ethancastro@vega-watson.com
Gloria Wood,christine89@anderson-barnes.com
Adam Bell,davisallison@yahoo.com
Bridget Daugherty,dianamendez@green-hoover.com
Christine Nguyen,rmartin@hotmail.com
Nicholas Nichols,yoderjanet@hotmail.com
Danielle Powell,coopermelissa@hotmail.com
Brandon Cox,jacobsmia@yahoo.com
Carrie Graham,pamelarogers@brooks-beck.com
Tammy Davies,ifox@hotmail.com
Aaron Villanueva,johnsongloria@yahoo.com
Andrew Rodriguez,jimmy06@hotmail.com
Jeremy Torres,anthonysalinas@yahoo.com
Andrew Fuller,jlewis@gmail.com
Courtney Larsen,thomastaylor@yahoo.com
Jodi Miller,wallacejennifer@garcia-chavez.com
Jacqueline Olson,george69@gmail.com
Richard Long DDS,orobinson@ortega.net
Kevin Davis,chrisrodriguez@yahoo.com
Richard Hill,hailey20@cardenas.com
Troy Williams,emily91@moran.net
Benjamin Reynolds,uvaughn@gmail.com
Lance Fields,mosesanthony@spence.com
Michael Gray MD,brandi29@price.com
Rhonda Woods,michelehaney@hotmail.com
Daniel Dunn,clifford04@roberts.com
Jimmy Dixon,martineznancy@gmail.com
Benjamin Cooper,chenjohn@baker.org
Mr. Bryan Sampson,yrobinson@hotmail.com
Courtney Allen,ortizlance@hotmail.com
Yolanda Smith,fmcdonald@gmail.com
James Russell,howardamber@gmail.com
Jessica Soto,emily41@reynolds-chase.com
Danny Yates,tvaldez@douglas.com
Catherine Sanders,hshannon@russell-cordova.biz
Vicki Clark,melissa92@hogan-carter.com
Michele Ball,andrewlynch@yahoo.com
Keith Robles,michael33@oconnell.com
Nicole Whitaker MD,pamela48@hotmail.com
Gregory Conner,tamarawu@ochoa.net
Donald Rodriguez,gutierrezjean@hotmail.com
Kelly Cooper,melissageorge@jones.net
Christopher Lopez,jon85@hoffman-gomez.org
Mrs. Jessica King,philipgarcia@hotmail.com
Phyllis Washington,rwest@gmail.com
Michael Webster,clara@love-banks.net
Stephen Hampton,tara40@yahoo.com
Kelsey Saunders,jennifer29@gmail.com
Brenda Prince,bparker@gmail.com
Dr. Joseph Marshall,spencer62@hotmail.com
Alison Johnson,gtorres@paul-zimmerman.com
Sandra Hensley,obrienmichael@adams.com
Taylor Riley,kelly24@davis.com
Aaron Shelton,paulafuller@yahoo.com
Lorraine Roberts,gordonrobert@hotmail.com
David Lewis,lopezchristine@hotmail.com
John Gonzalez,erinhart@hotmail.com
Laura Wilkinson,jjones@gmail.com
Devin Smith,cindysantiago@gmail.com
Victoria Reyes,thomasjeffery@mueller.com
Kristen Mcneil,amy22@martin.biz
Joseph Sanchez,carterdavid@chaney-smith.com
Rhonda Ferguson,shaneosborne@smith-terry.info
John Davenport,xpatton@yahoo.com
Shane Williams,dannygallegos@gmail.com
Samantha Jacobson,ikennedy@ho.com
James Odom,preynolds@smith-mccarthy.com
Benjamin Foley,nathan43@chavez-trevino.info
Christopher Sawyer,eric84@thompson.com
Brandon Russell,kimberly44@marks-hernandez.com
Charles Smith,martinezchristopher@hotmail.com
Brad Garrison,blankenshipglen@hotmail.com
Gary Morrison,tiffany29@yahoo.com
Angel Bell,timothyfoster@miller-moss.com
James Roberts,bruceschroeder@warner.com
Carrie Hansen,jenkinsjeffery@barajas.com
Michael Oconnor,aguilarscott@reed.org
Kathleen Henderson,barrettjennifer@jones.com
Raymond Sharp,thomasalexander@bird.com
Nicole Jones,richardsashley@yahoo.com
Christian Santos,amanda31@yahoo.com
Ralph Watson,todd60@yahoo.com
Luis Davenport,gonzalesjonathan@carter-hill.com
Travis Wright,timothy46@wilson-quinn.biz
Nicole Mills,kim75@rodriguez.com
Dr. Luke Brown,kimberlymitchell@yahoo.com
Mr. David Russell,jacksontabitha@yahoo.com
Allen Drake,ppage@yahoo.com
Jordan Crawford,xgonzalez@berger.biz
Joseph Hoffman,jessica41@hotmail.com
Rebecca Gallagher,fred71@gmail.com
Jessica Hardin,mharrington@hotmail.com
Brandon Davis,qpalmer@yahoo.com
John Malone,jonesrebecca@johnson-burke.net
Kevin Weeks,fcole@yahoo.com
David Pierce,clinton30@cruz.biz
Penny Hernandez,gary39@wagner-price.info
Pamela Wang,mckayjulie@yahoo.com
Albert Hill,wilkinsjodi@roth.com
Shane Sharp,douglasrios@rodriguez.net
Kevin Church,alexacarter@yahoo.com
Billy Becker,hwhite@gmail.com
Andrew Palmer,mbryant@randall-jones.biz
Erin Thompson,parrishjeffrey@hudson.biz
Jose Hill,christopher89@stuart.info
Randy Chen,nicole82@gmail.com
Tiffany Joseph MD,gregg58@hotmail.com
Lauren Ross,sherry17@hotmail.com
James Mills,madeline41@hall.biz
Lisa Cooley,rgreen@arnold.biz
Angela Johnson,smithgeorge@yahoo.com
David Miller,amberhughes@gmail.com
Angela Ramos PhD,thomasanthony@bowman.info
Heather Reese,pollardpamela@kim-wilson.com
Susan Hill,csaunders@mercer.com
Xavier Jones,alejandroreyes@gmail.com
Thomas Dominguez,xbean@yahoo.com
Mrs. Jennifer Brown,davidreynolds@reyes.org
Robert Brooks,mackenzie97@hotmail.com
Elizabeth Welch,lambrobert@osborn-sparks.net
Ronald Ochoa,brianbradshaw@yahoo.com
Joseph Tran,joseph78@gmail.com
Joy Holland,cindy96@yahoo.com
Derek Martin,rebecca24@parker.info
Crystal Williams,rhonda44@webb.net
Theresa Rivera,amandadavis@stephens-daniel.com
Matthew Rodriguez,rodriguezeric@ford.com
Craig Owens,kennethhansen@hotmail.com
Travis Medina,jeffrey51@hernandez-clark.com
Jennifer Cain,ymitchell@gmail.com
Lee Berry,burtonbryan@morton.org
Christopher Green,yshah@gmail.com
John Sandoval,mendozadeborah@hotmail.com
Tami Chavez,tanneremma@hotmail.com
Tamara Brooks,haletraci@silva.info
Vanessa Bowen,henry66@king.org
Scott Walker,ubates@jones.com
James Patel,maryherrera@yahoo.com
Jesus Kim,jasmine48@hotmail.com
Savannah Santiago DDS,vrobertson@yahoo.com
Stacey Lyons,imcgrath@gmail.com
Miranda Arellano,gutierrezcaroline@yahoo.com
Sarah Taylor,catherinereeves@gmail.com
Margaret Sharp,jhayes@gmail.com
Rebecca Porter,joseadams@padilla.org
Charles Bates,qbenton@joseph-hampton.com
Meagan Mitchell,ashleynelson@hotmail.com
Scott Case,jeffreylucas@gmail.com
Bobby Page,michaelparker@clark-carter.org
Kristen Ruiz,gmassey@hotmail.com
Christopher Griffin,eileenbryant@carroll-harris.biz
Lynn West,joshua26@gmail.com
Karen Tucker,debbie58@harmon-harris.com
Michael Acosta,rachaelmyers@yahoo.com
Kelly Dixon,palmeralfred@hamilton.com
Brendan Jackson,owenslisa@mcdaniel-jones.com
Kenneth Branch,juan36@hotmail.com
Jordan Jenkins,currythomas@hotmail.com
Stanley Oliver,rachel19@rodriguez-hernandez.com
Brandon Clark,kharris@mitchell-ortega.com
Brian Reid,maria90@sellers-walker.org
Ashley Bates,richardjones@hotmail.com
Michael Rodriguez,sharonhamilton@compton.biz
Ashley Murray,rodriguezjulia@hotmail.com
Donna Taylor,lindseykennedy@young-leonard.com
Karen Wagner,david83@lane.com
Terri Shelton,brendashelton@gmail.com
Robert Acosta,georgegrant@evans.com
Michael Jones,joseph42@yahoo.com
Andrew Wright,istevenson@gmail.com
Brenda Johnson,hernandezlaura@stokes.biz
Travis Stevens,phayes@gmail.com
Scott Pace,barajasstephanie@yahoo.com
Patty Clark,williamlewis@gmail.com
Catherine Smith,katiemiller@everett.com
Joseph Robbins,devin67@huffman-buchanan.com
George Hurst,richardshenry@gmail.com
Mark Phillips,elizabeth97@hotmail.com
Neil Evans,autumncortez@yahoo.com
John White,ffloyd@hotmail.com
Joe Barry,karen25@pollard.com
James Reynolds,kbrooks@todd.com
Rebecca Johnson,ypollard@hotmail.com
Deborah Hodges,brandon69@hunter-cameron.org
Lisa Andrews,amandamckinney@kelly.net
Carolyn Hernandez,wball@gmail.com
Sherri Watkins,sarahwheeler@hotmail.com
Dawn Carter,kristawaller@yahoo.com
David Morgan,matthewstone@gmail.com
Leslie Douglas,asmith@yahoo.com
Lori Hawkins,alexis67@hall.com
Michelle Brown,ithomas@richardson.com
Robin Sanchez,anthony29@gmail.com
Megan Johnson,jonescynthia@dixon.org
Amanda Foster,turnerelizabeth@levine.com
James Hawkins,colejacob@wilson-phillips.org
Linda Montoya,donnarobles@garner.biz
Marcus Smith,bentonmadison@hotmail.com
Kathleen Butler,denisebryant@gibson-cortez.com
Cheryl Buckley,hkennedy@smith-huang.biz
Patrick Parker,stephanie96@morris.com
Jacqueline Ingram,christina81@gmail.com
Erica Allen,vcole@green.com
George Hayden,rmoreno@gmail.com
Kevin Foster,millerelizabeth@adams.net
Renee Ford,cjohnston@miller-howell.com
Madison Wilson,kevin17@brown.com
Dr. Mary Sanchez,ericmccarty@hotmail.com
Cynthia Atkins,washingtonnicole@williams-webb.info
Jesus Barron,krodriguez@hotmail.com
Jonathan Martinez,ejohnson@holmes.com
Joshua Vincent,johnfuller@ortiz-dennis.net
Angela Harris,hayley08@chapman.com
Eric Romero,michael31@mann.net
Corey Miller,william78@yahoo.com
Kelly Barrett,ubush@nash.com
Christopher Morgan,greengregory@yahoo.com
Faith Smith,craigdonaldson@yahoo.com
Jennifer Castro,davidsmith@smith-taylor.com
Samuel Spence,whitejoanne@gmail.com
Jeffery Walker,betty37@ingram-lee.com
Amanda Rogers,jameshughes@hughes-molina.info
Jose Jackson,dayjoseph@lopez.com
Faith Shepard,cwheeler@clark.org
Kristi Bernard,mmatthews@bennett-cardenas.biz
Terry Green,gonzalezalex@yahoo.com
Molly Mclean,smithbrett@hotmail.com
Dr. James Austin,jonathanwilson@hotmail.com
Michelle Reyes,asutton@hotmail.com
Matthew Rice,ismith@hotmail.com
Eric Chandler,fletcherapril@hotmail.com
David Vega,tonya88@ellison.com
Anthony Cortez,gmoss@diaz.info
Brianna Perez,robert58@hotmail.com
Ronnie Collins,donaldstein@hotmail.com
Lindsay Clark,scottsteven@sanchez.com
Michele Baker,iwilson@thomas.biz
Edward Randall,richmondtravis@smith.info
Antonio Conrad,christopheradams@mccullough.org
Christopher Alvarez,amandamiller@anderson-day.net
Kimberly Combs,raymondrebecca@hotmail.com
Brittany Hood,bradleydonald@woods-wallace.org
Mary Simon DDS,wilsonkevin@mccarty.com
Lawrence Harris,osbornethomas@lewis.com
Micheal Garcia,billydavis@yahoo.com
James Richardson,linda98@yahoo.com
Adriana Stuart,michaelyoung@smith-jones.com
Kyle Carter,charles83@macdonald.com
Katrina Brown,brooke95@swanson.net
Ryan Shah,diane48@gmail.com
Derek Moore,teresamacdonald@miller.org
Brian Smith,hmullins@barrett.com
Dr. Katelyn Williams,kwise@velazquez.info
Kristi Smith,hoffmanvalerie@patel.com
Andrea Duke,kthompson@calderon.com
Danielle Klein,josewilliams@lopez-proctor.biz
Angela Bradshaw,mcdanieljessica@hotmail.com
Bobby Vasquez,patrickcrawford@knapp-meyer.org
April Hunter,lisabriggs@yahoo.com
Jeremiah White,donald84@yahoo.com
Tonya Farrell,kathleenrobinson@washington.org
Tony Wiley,udennis@galvan.com
Jasmine Andrade,courtney72@yahoo.com
Ruth Barrett,ubrown@gmail.com
Robert Meadows,burketracy@hotmail.com
Katie Williams,fconrad@gmail.com
Claudia Webb,tfrench@hotmail.com
Erica Ball,vaughnkevin@robbins.net
Christine Carroll,amy91@hotmail.com
Zachary Burns,xstewart@gmail.com
Candace Bailey,michaelwhite@gmail.com
Christopher Fischer,jennifer42@yahoo.com
Daniel Marsh,whitelori@yahoo.com
Christopher Sanchez,buchanannicole@hotmail.com
Scott Parsons,hansencody@yahoo.com
Tara Miller,vincentyork@yahoo.com
Jason Keith,pwest@murray.biz
Sarah Potter,ebowman@lewis.biz
Kimberly Aguirre,iwilson@yahoo.com
Rachel Pruitt,virginia57@hotmail.com
Dylan Wallace,umunoz@larson.com
Michael Sanchez,mallen@yahoo.com
Wesley Garcia,jbonilla@yahoo.com
Richard Simpson,boydchristina@gmail.com
Megan Cruz,michaelgallagher@harris.org
James Smith,mlarsen@horne.com
Jennifer Ramirez,ian91@hotmail.com
Angela Thompson,cindy17@gmail.com
James Wright,peterpowell@hotmail.com
Sarah Wright,kyle19@roberson-hatfield.com
Monica Blake,sarahdawson@gmail.com
Ryan Burns,nicolesmith@ramirez.com
Deborah Roberts,wendy57@hotmail.com
Joyce Carney,michaelmoody@stewart.net
Jonathan Navarro,dpowell@robinson.info
Eugene Buchanan,matthewnavarro@hotmail.com
Helen Ruiz,smithashley@eaton-ramos.com
Joel Delgado,jessica92@yahoo.com
Amanda Jones,brandonhall@woods.com
Kayla Jones,justin44@smith.com
Kim Gentry,edwardsangela@yahoo.com
Tina Singh,mariah81@morse.net
Stephanie Jackson,ahamilton@gmail.com
Amanda Byrd,obrienlouis@gmail.com
Jade Cabrera,willie88@yahoo.com
Victoria Brown,alexisbates@white.biz
Rebecca Davis,paula32@davidson.com
Johnny Velazquez,ibarrera@yahoo.com
Brett Ward,yharris@stein.com
Linda Moore,tsmith@white.com
Casey Fitzgerald,wilsonwilliam@knight.org
Julie Morales,drangel@gmail.com
Christopher Sullivan,fgarcia@flores.biz
Joseph Mcgee,wolfeamber@hotmail.com
Roberto Sullivan,gparrish@gmail.com
Amy Prince,robert37@hotmail.com
Tiffany Swanson,tonymartin@hotmail.com
Peter Jacobson,hensonjacob@bryant-hendricks.com
Diana Smith,tcarroll@eaton.org
Jessica Wilson,avilamelissa@hotmail.com
Holly Allen,wallacestephen@hotmail.com
Emily Randall,kent49@ray.com
James Edwards,mooreemily@cooper.com
Raymond Randall,cartermary@wang.com
Jaclyn Brown,vclarke@huffman.com
Crystal Lane,brianharvey@lynch.com
James Hanson,nvazquez@rojas-harris.info
Laura Thomas,christopher43@taylor.com
Jessica Rodriguez,bjohnson@murray.net
Sarah Moreno,flynnnathan@mcbride-daniels.com
Samantha Little,claudialee@yahoo.com
Mark Vazquez,cbradley@gmail.com
Nicholas Lopez,dnguyen@hotmail.com
Robert Clark,robert50@marquez.com
Mark Sullivan,omartin@gmail.com
Sarah Taylor,steven37@ward-hinton.org
Teresa Burnett,jessicamurray@hotmail.com
Anne Owens,cannonjoshua@cunningham.com
William Cooper,tphillips@berry.com
Mike Santiago,donnapowell@yahoo.com
Adam Fisher,levinenicole@gmail.com
Lauren Schaefer,lisashaffer@butler-johnson.com
Kimberly Hansen,qgraham@yahoo.com
Jacob Smith,gregoryevans@yahoo.com
Mrs. Lacey Ramirez,claire34@yahoo.com
Alan Fields,willielittle@ochoa-blankenship.com
Jennifer Mejia,david86@hotmail.com
Charles Wyatt,xbell@hotmail.com
Michelle Davis,sramos@alvarado.info
Shawn Wheeler,jeffrey21@gmail.com
Scott Webb,rhondacrosby@ashley.com
Tonya Johnson,theodorewilliams@haley.com
Denise White,summersmaxwell@frost-salazar.com
Caroline Harrington,jcook@gmail.com
Jeffrey Lara,aramos@gmail.com
William Hernandez,hunter75@hotmail.com
Erin Strickland,isullivan@hotmail.com
David Obrien,ricky41@brooks.com
Tiffany Fisher,andrea72@gmail.com
Dale Doyle,zacharythompson@gmail.com
Gerald Carr,xrobinson@yahoo.com
Kelly Oneal DVM,vincentjennifer@gmail.com
Samuel Hunter,nicolewright@allison-rodriguez.info
Robert Raymond,carlsonjay@lang.net
Sean Davis,hnguyen@yahoo.com
Cynthia Tucker,crawforddeborah@gmail.com
Travis Miller,gonzaleztimothy@hotmail.com
Brett Lewis,david75@hotmail.com
Heather Barajas,jacquelinehess@gmail.com
Kenneth Berry,xkirby@hotmail.com
James Graves,smithcharles@heath.net
Nicole Bailey,jacobclark@hotmail.com
Tina Dunn,reginald72@yahoo.com
Greg Castillo,amy28@gmail.com
Fernando Wong,trevor51@gmail.com
Michael Jones MD,martinluis@yahoo.com
Scott Perez,cindybishop@richards.com
Francisco Brewer,melissa44@french.net
Nancy Johnson,shieldsanna@byrd.com
Dennis Singh,andrewbrown@wong.biz
Mrs. Patty Reyes,byrdallison@gmail.com
Scott Freeman,gabrielle16@gmail.com
Brian Martinez,hjackson@gmail.com
Michelle Robinson,david93@huffman.info
Justin Smith,lindahopkins@moore.net
Tina Sexton,enelson@brandt-benjamin.biz
Carlos Cabrera,michelle84@newton.org
Christopher Edwards,thomaschristina@salinas.biz
Melissa Mathis,donaldmcmillan@ray-moran.com
Dr. Cassandra Patton MD,wheelerkaren@archer-williams.com
Stuart Gray,simmonsjames@taylor.com
Ellen Harrington,antonio89@gmail.com
Julia Galvan,gbrown@beck.com
George Martinez,jenniferjohnson@ruiz.com
Nicole Barr,brian84@peters.com
Gregory Acosta,eclark@gmail.com
Jason Peterson,jordankrystal@gmail.com
Heather Carpenter,gjenkins@galloway.info
Seth Patterson,brittany41@gmail.com
Jesse Gonzalez,ngutierrez@yahoo.com
Matthew Frank,alecdelgado@parker.net
Joseph Wright,dduke@stevens-case.com
David Smith,jordanmedina@hotmail.com
Tracey Phillips,christopher64@greene.com
Rhonda Ross,ehernandez@rodriguez.com
John Lewis,becktheresa@wallace-beard.net
Jasmine Greene,ymiddleton@hotmail.com
Laura Townsend,harrisonjeffrey@hall.biz
Susan Howard,rkelly@hotmail.com
Nicole Castro,pamelahardy@lewis.info
Alexis Thomas,isaunders@yahoo.com
Christie Shaw,kperry@yahoo.com
Christina Johnson,charlene33@ryan.net
Troy Joseph,msmith@deleon.biz
Michael Terrell,agilbert@evans.com
Brittany Ramirez,ifuentes@hotmail.com
Jason Flores,amiller@yahoo.com
George Brown,owhitney@holland.com
Jessica Faulkner,nicholashunt@stark.com
Cassandra Patterson,robert90@yahoo.com
Kathleen Lee,reedmichael@smith-spencer.biz
Aaron Barron,annromero@nelson.com
Megan Lee,kellybrown@harris.com
David Cooke,kelly02@gmail.com
James Lynch,daviscolin@hotmail.com
David Brewer,pcarter@yahoo.com
Ethan Reed,scott17@salazar.org
Michael Murray,jamesmaria@wood.org
Jermaine Marshall,wisejustin@hotmail.com
Justin Delacruz,tyler85@watkins.net
Angela Burton,robert38@gmail.com
Gabriella Avila,dmontoya@hotmail.com
Thomas Gomez,wagnertracey@yahoo.com
Karen Williams,juan28@anderson-stevens.com
Andrew Jackson,wrandall@jones.com
Ryan Gentry,williamsjulian@lee.info
Bob Arroyo,gomezkevin@pearson.org
Jacob Craig,cjohnson@diaz.com
Alyssa Bush,harringtonjeanette@gmail.com
Katherine Woods,gmorrow@morrow.com
Aaron Smith,matthew55@gmail.com
Madison Lowe,jgreen@gmail.com
Christian Cline,agarcia@yahoo.com
Jason Leonard,taylormassey@gmail.com
Sarah Jones,vasquezangela@farmer.com
Thomas Smith,jessicabaldwin@gmail.com
Kyle Diaz,smithanthony@hotmail.com
Daniel Chaney,barkermegan@gmail.com
Sandra Wright,jbernard@rodriguez-hernandez.com
Linda Mejia,regina64@gonzalez.com
Michael Maxwell,jmills@campbell-johnson.com